iso_code,year,life_expectancy
BTN,2002,67.84566543
PHL,2007,69.58190674
URY,2015,77.09925201
TON,2019,72.94212581
BRA,2003,72.30491342
FJI,2006,67.08069927
TON,2016,72.56032607
AUS,2006,81.04245453
ISL,2005,80.90304444
FSM,2001,63.81961029
KEN,2007,58.55063756
ATG,2016,75.54812509
PNG,2011,65.03278821
JAM,2011,72.86139713
SUR,2000,70.55904903
UZB,2009,66.2800996
ECU,2017,77.31252311
NZL,2003,79.05551434
ALB,2013,77.77410839
CHL,2005,78.0049121
ZWE,2021,58.48102238
RUS,2011,69.77052933
HTI,2005,58.63996581
BEN,2020,64.40363479
BFA,2005,55.19811279
KGZ,2000,65.93470005
CYP,2010,81.17822871
MLT,2017,82.05744637
TCD,2011,56.17787256
TON,2021,72.72088222
DNK,2013,80.1645831
LBN,2018,79.36847038
HRV,2003,74.86052687
LTU,2003,71.84648999
PAK,2009,63.92267166
GRD,2008,70.92544169
DZA,2014,75.93393131
GNB,2003,51.43513822
MNE,2004,73.73506539
COM,2018,68.19621524
SAU,2013,77.33139242
CHN,2019,77.31273653
BWA,2000,47.16383585
VEN,2006,74.69093059
GAB,2013,63.25439162
ARG,2003,74.25492535
ZAF,2003,52.93394541
FSM,2003,64.10175678
PRY,2003,75.00581985
GBR,2011,80.64139781
ARE,2017,80.92702059
JOR,2005,73.42688191
CUB,2014,78.1433227
TON,2005,71.97193468
THA,2020,76.50524949
LKA,2008,73.1378661
UKR,2018,72.71826067
MRT,2010,68.45329118
GHA,2010,61.9748058
TGO,2011,59.7945853
LKA,2015,76.44590803
VNM,2019,73.71007094
SOM,2004,49.44567549
TUR,2019,77.61966184
SAU,2005,71.81634573
CYP,2018,82.05668584
KIR,2000,60.08437065
BHS,2000,70.96744554
TCD,2005,52.94619682
TUN,2015,76.78627015
ECU,2006,73.97387898
ARM,2005,72.0754129
FIN,2003,78.41020069
PSE,2020,75.1341365
LVA,2014,74.4358747
ESP,2020,81.92498871
TJK,2006,68.48925177
GHA,2001,59.15248936
CRI,2005,79.72199388
MDA,2017,72.85856435
SLE,2009,54.19029086
MUS,2006,72.37604294
PRY,2020,75.24817035
ZMB,2003,47.10240747
MDA,2019,73.32010877
TGO,2001,56.11218609
MEX,2015,75.93967708
SVK,2007,74.470327
CMR,2016,59.79056297
KOR,2007,79.37954426
ITA,2013,82.2878749
LBY,2002,73.4501765
COM,2020,68.30703432
SUR,2011,73.11587921
COL,2005,74.43998835
SYC,2004,72.21510064
CZE,2006,76.60775206
COD,2013,58.89523659
LUX,2015,82.3849065
URY,2008,76.39345878
SDN,2003,63.67737719
ERI,2007,59.29093298
PRI,2000,76.24708096
ARM,2018,75.62030513
SYC,2014,73.23814592
VCT,2000,71.66187212
USA,2006,77.68331379
MWI,2011,58.10856356
CUB,2009,78.01983317
CHE,2009,81.89043047
LVA,2002,70.10625692
IND,2020,70.1869093
CIV,2001,51.50148868
SLV,2021,71.66703998
AZE,2013,72.08992478
JOR,2020,77.55988721
SVK,2013,76.47557345
BWA,2006,54.88555112
URY,2016,76.84527198
MDV,2008,74.09191071
BGD,2008,69.03267464
TCD,2006,53.09314194
COG,2019,62.75844008
KEN,2001,54.33283599
LBN,2009,77.79033646
USA,2000,76.65847648
BDI,2001,45.560229
MUS,2008,72.86571029
PRI,2006,78.05684106
COG,2021,63.17262301
ARE,2000,78.11838329
KGZ,2005,67.04293061
MDV,2018,78.67792046
LBN,2004,77.0970413
SYC,2002,72.11976114
BEL,2012,80.07118579
ESP,2000,79.09037288
NLD,2003,78.52543386
GUY,2007,65.67248785
NGA,2011,60.1981229
ITA,2015,82.20433624
MAR,2015,73.26259745
MYS,2006,74.30399222
MDA,2000,65.65922366
SEN,2001,59.28989485
PAN,2012,77.44906477
GEO,2016,72.63239027
FSM,2011,64.90882285
IRQ,2018,73.06286041
MLT,2003,78.67686
EST,2009,75.04425699
MAR,2000,70.19460372
SVK,2001,73.45130702
GNQ,2002,55.47366319
CZE,2012,77.96926876
SEN,2021,67.79198263
LCA,2017,76.138896
MMR,2009,63.9906783
DZA,2000,72.46839135
SLB,2007,63.76837921
AUT,2017,81.38857295
LKA,2009,72.41934945
ALB,2016,77.87870915
SLV,2010,74.56329622
IRN,2021,74.71077692
SSD,2003,54.40318481
TLS,2009,66.64368547
SWZ,2002,43.63857902
GNQ,2007,58.62674902
CPV,2000,71.69763358
MKD,2006,73.8246386
CAN,2009,80.88259979
ISR,2007,80.12300616
NLD,2013,81.11693502
IND,2009,67.04997477
MAR,2009,72.16145438
URY,2017,77.33933717
ATG,2008,75.05552794
RWA,2009,62.96873523
TLS,2019,68.49880356
TZA,2015,65.15719683
GMB,2011,62.84614338
HTI,2015,62.5149437
AZE,2015,73.62700051
AFG,2012,59.92210578
AZE,2010,69.81386619
HUN,2008,74.0004346
MKD,2005,73.73592756
PRI,2021,79.90294803
GHA,2020,66.18136667
BGD,2006,68.09324389
CPV,2018,73.8583216
AZE,2003,66.74212235
JOR,2018,79.63154866
WSM,2018,70.09269594
TLS,2002,63.92197693
NER,2019,60.57303502
TUR,2001,74.03517034
LVA,2001,69.80978592
PHL,2009,69.39723001
MOZ,2017,57.33253714
TON,2009,70.18279546
CMR,2010,56.78466995
GRD,2001,71.53484581
MKD,2017,75.98451895
PER,2009,78.11832326
LBN,2016,78.81840788
SVN,2013,80.1367942
IND,2006,65.87842362
KIR,2010,61.36040242
EGY,2007,69.74814425
BLR,2005,68.69743153
DNK,2009,78.87762743
BHS,2014,72.64786335
BLZ,2001,70.61498891
VUT,2014,66.71134263
BWA,2017,64.01180659
KIR,2004,60.91263256
TZA,2009,61.03787589
KIR,2021,60.87345633
OMN,2014,73.9416621
NER,2010,58.29155093
MDV,2015,77.25297582
GHA,2019,65.97133363
KWT,2015,81.44722022
PAK,2021,65.99092295
LVA,2006,70.37307271
BGD,2021,73.10251672
MMR,2014,67.0395851
CPV,2021,73.16097765
FSM,2010,64.77779493
CMR,2014,58.43615921
STP,2014,70.26367532
CAN,2008,80.56313756
LAO,2015,66.87363139
IDN,2020,69.70367312
SYC,2021,74.01196664
DJI,2012,62.75529104
SYC,2019,73.12375678
DJI,2002,59.49469647
LSO,2017,51.05416565
MRT,2014,69.29386756
URY,2006,76.33233577
DJI,2016,64.3388502
JPN,2021,84.46067178
SLV,2014,73.8558025
USA,2012,78.77111574
COM,2005,64.27700657
LSO,2013,48.96059544
TUR,2007,76.70654932
KIR,2016,61.75804085
ETH,2019,68.84848169
MNE,2013,76.3576393
SSD,2002,53.71928707
KEN,2002,54.58698847
NAM,2017,62.37183813
NAM,2021,60.35994599
SRB,2004,72.65350507
UZB,2017,70.40271496
BWA,2019,64.91884565
LUX,2010,81.17521457
GUY,2021,66.0777533
ESP,2012,81.9595375
LAO,2005,61.3511366
TKM,2014,68.91649587
MAR,2002,70.73932756
QAT,2013,75.79521614
SWZ,2016,53.13250876
BHR,2001,70.36971635
DZA,2013,75.79056138
BIH,2004,76.62934847
LBN,2012,78.05803939
VNM,2005,72.17650018
MLT,2007,79.64226641
ECU,2005,73.75770165
TUR,2020,76.17525576
VUT,2017,66.98064455
MDV,2014,76.80961188
PRY,2019,75.07903551
ALB,2007,74.53678554
NER,2021,59.97070525
ISR,2002,78.56218757
JAM,2020,72.64037778
MDA,2003,66.19700504
VEN,2020,72.40374475
SEN,2000,58.6097114
SYC,2020,77.26435364
GNB,2012,56.47290302
SYR,2005,73.23261717
SYC,2005,72.35775752
KHM,2000,59.10171682
SLB,2018,65.55013712
AGO,2017,62.03682911
GMB,2006,60.88522742
COD,2012,58.3404554
TTO,2002,71.08783441
DOM,2005,72.80023496
PRT,2011,80.24005801
RUS,2013,70.69584464
GNQ,2020,61.15866176
JOR,2010,76.68909265
FSM,2020,65.67162273
SSD,2005,55.89935062
BRA,2009,73.8424263
COM,2013,66.72653391
TZA,2012,63.07821297
PRI,2010,79.0570999
VUT,2019,67.13030878
MNG,2007,66.37749458
BFA,2009,58.06655977
TLS,2011,67.28464088
DNK,2005,78.13130379
NGA,2006,57.55220397
RWA,2000,46.89447249
BWA,2004,50.64076648
AFG,2019,61.22381311
GIN,2016,59.83918056
VUT,2004,65.14603809
CZE,2004,75.78544673
GUY,2008,65.75519494
USA,2010,78.6069239
MNE,2014,76.62030337
NPL,2016,70.59248
PAK,2017,66.3818317
SOM,2002,49.39676377
VCT,2005,72.5595686
CRI,2021,78.63053412
CIV,2009,57.18053039
SVN,2011,79.84960348
PHL,2014,69.80391436
USA,2007,77.94056193
MYS,2019,74.68410362
CUB,2007,78.10025005
NER,2002,51.88652859
MMR,2000,59.37966802
POL,2008,75.43243412
BEN,2018,63.73859672
VNM,2016,73.21381033
DOM,2012,73.71953299
TKM,2013,69.11794049
TCD,2009,55.19430969
KOR,2004,77.92814417
SLE,2000,49.78648969
FJI,2013,67.62910016
MLI,2014,59.77561439
CUB,2016,78.14353782
SVN,2017,80.7898907
KOR,2017,83.09217588
CHL,2009,79.00490643
UZB,2004,63.42369036
CPV,2019,74.05989707
SGP,2020,83.99653626
ISL,2006,81.03602001
IDN,2014,70.30298584
IRQ,2006,67.66517621
IRQ,2009,70.61725364
ARG,2021,74.56898059
COL,2015,77.34484367
ARG,2017,76.64354126
SEN,2019,68.76445374
ARE,2020,80.1312721
EGY,2019,71.58973358
PER,2016,80.1644759
PSE,2008,68.97864967
BEL,2014,80.94130643
SUR,2020,72.80157877
HND,2011,70.68279372
DJI,2003,59.65312998
UZB,2014,68.81484391
CAN,2010,81.14359407
LSO,2020,51.85352687
THA,2007,73.93719029
UZB,2012,67.64432032
BTN,2010,71.72710313
GMB,2008,61.50169712
SYR,2010,73.76180647
TGO,2006,57.51444622
BGR,2014,74.40807537
BRN,2013,76.81966837
BHS,2006,72.66353382
NLD,2009,80.54360994
ATG,2018,75.62352245
ATG,2021,76.91527032
BTN,2001,67.18030943
GRC,2010,80.23861699
BRB,2002,74.85759375
EST,2003,71.87885357
SWZ,2003,42.59286029
FJI,2000,65.82507716
PNG,2013,65.47647701
GRC,2002,78.97253017
SLV,2015,72.73292352
RUS,2002,64.86108252
MLT,2015,81.67976101
GNB,2016,58.02773484
SWE,2011,81.52274171
BWA,2011,58.41247242
BRA,2014,74.63621389
MDA,2002,66.13288732
PAN,2009,77.16899668
CZE,2020,78.12978194
ALB,2005,74.20683098
LSO,2006,42.3928282
FRA,2014,82.2489409
ESP,2006,80.67223061
KWT,2004,78.50276726
TON,2006,72.01750935
NZL,2002,78.65902491
MWI,2001,45.39400815
MNE,2001,73.45014953
PRI,2007,78.30688641
CRI,2002,78.85732142
DJI,2006,60.21901234
MKD,2011,74.96127325
POL,2010,76.23355347
UZB,2008,65.44084852
MRT,2018,69.9973737
CMR,2009,56.2682285
BIH,2019,77.09808482
ROU,2018,75.12257592
CUB,2006,78.02512407
KEN,2013,63.11575218
BEN,2016,63.0021663
SWE,2012,81.46624768
CHN,2008,73.99659977
NZL,2009,80.56243651
TKM,2009,68.42683026
BGR,2018,74.85071858
PHL,2004,69.2903715
BLR,2003,68.37573872
ROU,2004,71.76511513
GMB,2003,59.85443013
BRA,2000,71.4995438
ZWE,2005,45.7065362
MDA,2001,66.20689138
ETH,2014,66.55987824
FRA,2018,82.37708106
DOM,2018,73.52093617
TCD,2012,56.60362018
RWA,2002,50.60960504
MDV,2005,72.865727
BEN,2002,58.09380517
IRL,2008,79.58286978
PRT,2013,80.52727852
BOL,2001,66.7449711
URY,2010,76.48217264
MNE,2016,77.06052079
ZAF,2020,64.30356494
LBN,2015,78.43741249
BDI,2014,62.32268744
ISR,2011,81.64888794
SOM,2010,49.52620758
GRC,2021,79.59785025
MLI,2000,53.05862872
AUT,2000,78.17598734
PAK,2006,63.07149815
SRB,2012,74.84163486
IND,2004,65.06317912
ECU,2003,73.9172371
ISR,2013,81.92176085
VNM,2002,72.06004934
PRT,2020,80.81837464
ARG,2011,75.94927296
PHL,2003,69.52481782
SYR,2003,72.65734085
MDG,2001,59.24814899
PRI,2015,80.5149692
SVK,2000,73.32287483
PER,2011,78.64438915
ARM,2004,72.03083518
NER,2011,58.60580875
DZA,2001,72.77159448
SEN,2014,66.97585439
KAZ,2002,65.03142074
LCA,2012,76.39869599
NER,2018,60.43807872
HUN,2017,75.90176306
FRA,2019,82.52902201
SLE,2002,51.28114602
BHS,2008,72.97662842
MDV,2007,73.714686
KGZ,2013,70.72932374
SDN,2010,66.94489813
ARE,2018,81.16639668
SYC,2011,73.29952908
PHL,2018,69.67627942
SYR,2009,73.73835464
PAK,2015,65.69975806
HRV,2012,77.35911283
SLV,2002,73.27326528
NLD,2014,81.45622695
STP,2019,71.65568515
BTN,2014,72.91360226
CHN,2003,71.68827313
SAU,2016,76.75114086
SWZ,2001,44.97441053
GAB,2015,64.00078432
CZE,2014,78.68016445
CZE,2002,75.36384265
THA,2006,73.40943067
RWA,2008,62.1374836
ZMB,2015,60.4135173
DEU,2002,78.46153264
SLB,2014,64.95591891
GNB,2013,56.92169618
BRB,2021,76.8418344
SRB,2005,72.78382532
MMR,2002,60.19994618
NGA,2002,54.96389545
NZL,2000,78.57519182
TUN,2020,77.12175333
TON,2000,70.95399808
BTN,2008,70.90903814
SVK,2005,74.09775351
GHA,2008,61.08557755
TLS,2021,67.99671222
BEN,2009,60.99409615
ESP,2001,79.39483865
PAN,2020,77.34684989
CIV,2019,63.48479652
JAM,2002,73.03304352
CIV,2007,55.73160801
LTU,2008,71.62596428
CHL,2008,79.19803048
MMR,2021,67.84580637
SYR,2020,71.99813819
GRC,2009,80.02249419
BFA,2001,52.3617692
BHS,2010,72.74533372
ATG,2001,74.69656338
CRI,2015,80.57423676
HND,2019,71.43843431
TON,2020,73.18678447
ZMB,2006,51.7626963
ATG,2006,75.54507792
GRD,2013,72.62189848
MDG,2016,63.46510267
ARM,2000,71.62172824
ZWE,2003,45.01274563
ALB,2018,77.93851855
IND,2012,68.2280584
BDI,2007,56.45412415
SYR,2013,64.68588767
EGY,2018,71.35791195
BRB,2007,75.24398474
JPN,2020,84.66324868
AZE,2012,71.2113018
ZMB,2017,61.28533224
SYR,2001,71.76491508
LBY,2017,73.15169822
WSM,2001,69.77577511
EGY,2011,70.08390953
FIN,2008,79.5834765
BHS,2017,73.21936648
LBR,2008,59.75630294
UKR,2019,73.00449182
AUT,2002,78.70354232
MKD,2020,74.37069175
BFA,2008,57.43072999
BGD,2016,73.44362068
NIC,2006,76.73424987
BHR,2014,75.64496177
LCA,2013,76.18455493
LUX,2012,81.56608895
AZE,2020,71.43112767
BEN,2011,61.56618181
NLD,2006,79.71293798
BEN,2001,57.74456271
CHE,2000,79.71469969
FRA,2007,80.79627532
ALB,2000,73.68285742
GTM,2021,68.69573697
HRV,2020,77.86469683
JPN,2015,83.99957263
LTU,2014,74.49843919
SVK,2012,76.13275335
BRB,2010,75.95734033
SVK,2002,73.72313973
VCT,2006,72.92616303
LUX,2020,82.82955161
LBR,2001,53.93145331
WSM,2019,69.99170791
BFA,2021,62.29728841
IRQ,2005,68.68305138
IRQ,2007,67.80830577
SGP,2003,79.61117466
BGR,2021,71.30586
ITA,2012,81.83712041
SRB,2016,75.67951218
NGA,2013,61.04119261
SOM,2016,53.9446075
KWT,2010,80.49475441
KIR,2001,60.39204806
BEN,2006,59.54016851
ALB,2006,74.22366059
COD,2019,61.83901232
ERI,2000,54.93355711
BGD,2009,69.60483119
GAB,2021,65.09380891
GMB,2009,61.85818495
HRV,2007,75.91802017
SLB,2002,63.47177399
NAM,2009,59.50436576
SEN,2017,68.11975233
FRA,2020,81.87409035
PER,2018,78.99013811
MEX,2012,75.6445679
BRB,2012,76.23035481
PRY,2008,74.99888647
HTI,2011,61.10474412
SYC,2007,72.47348081
ARG,2006,75.5327089
GUY,2000,64.65122902
BWA,2005,53.16798551
IRQ,2016,71.1253103
FRA,2006,80.52598237
CHL,2004,77.54890712
ARE,2010,80.45344335
MKD,2003,73.22933201
AZE,2006,67.63797731
ECU,2015,77.15293465
BWA,2007,55.77024629
GAB,2004,58.70865642
LVA,2015,74.8108617
HRV,2014,78.05645984
FSM,2000,63.55831516
ZMB,2009,56.61649649
SEN,2005,62.36297007
BRA,2011,74.01518436
VEN,2010,74.662242
BEL,2016,81.07460591
ALB,2014,78.01445206
AUT,2018,81.42361625
POL,2007,75.17671647
ISR,2000,78.54383666
BEN,2017,63.34863103
NPL,2002,66.45258988
ARM,2010,73.01384261
KIR,2008,61.27006207
GRC,2018,81.05191982
TUR,2006,76.53841522
WSM,2011,70.50058194
COM,2021,67.4970386
TCD,2000,51.16932904
CHL,2002,77.34180988
ARE,2013,80.56393138
THA,2001,71.72869386
FRA,2001,79.01103311
BLZ,2006,72.62147619
RUS,2018,72.66311936
SEN,2020,68.56112195
SYR,2000,71.08679254
MEX,2019,75.8344286
LUX,2011,81.39260196
BRA,2020,74.11393563
CMR,2017,60.64260038
LTU,2019,76.24761609
EGY,2005,69.52274009
THA,2002,71.71439141
GIN,2011,58.59208329
YEM,2003,64.67397283
BGD,2000,65.36178128
VEN,2021,71.22082891
ISR,2021,81.74464677
MDV,2016,77.72035574
UGA,2010,59.96020545
ZWE,2011,53.27755042
GTM,2000,68.30883271
SLE,2005,52.10902537
GRD,2006,70.91199156
COL,2016,77.57662615
BTN,2003,68.38453582
SSD,2014,59.09264997
NPL,2013,69.97888467
LCA,2004,73.99518133
BEL,2017,81.1512532
GBR,2021,80.10062783
GNQ,2011,59.83129965
MLI,2001,53.62181973
LKA,2011,74.95837466
FSM,2012,65.02895443
DJI,2001,59.48459433
FRA,2013,81.81996075
IRL,2006,79.06563288
UGA,2003,51.68238982
VUT,2001,64.97955845
GNQ,2016,60.85942801
CYP,2014,81.84705653
SLB,2003,63.54307905
NAM,2018,62.82854728
TKM,2015,68.83222809
PNG,2014,65.75249158
GAB,2012,62.66758728
CYP,2013,81.84969587
ATG,2015,75.61540401
CMR,2001,52.89875064
SVN,2005,77.44125575
BGD,2011,71.08337441
DNK,2001,77.04219494
ETH,2001,52.82154779
FJI,2014,67.72103011
GNQ,2010,60.00998447
VUT,2006,65.37131308
ETH,2003,54.78484585
BTN,2016,73.28424565
SDN,2019,69.46506253
PRK,2017,71.92237066
NIC,2003,75.81400954
GUY,2014,66.55197342
MWI,2007,52.54577058
FIN,2006,79.23326293
BRN,2016,76.41822612
HTI,2002,57.58049169
NIC,2016,77.92580193
NOR,2013,81.43412297
HTI,2007,59.85463205
MKD,2014,75.25754035
BDI,2009,58.71584557
BLR,2013,72.59208184
ISR,2010,81.53399975
BGR,2007,72.92323217
TLS,2006,65.99128891
RUS,2003,64.72303979
OMN,2010,73.02000136
ARG,2020,76.22884718
QAT,2021,76.7101384
ROU,2000,71.14174922
YEM,2009,67.58534902
MOZ,2015,55.85530982
HTI,2012,61.52991507
ARM,2009,72.73278531
LAO,2018,68.05389772
TCD,2010,55.72346132
CPV,2014,74.86891105
JOR,2003,73.51735567
GIN,2001,54.67176541
CAF,2017,51.26742466
COM,2010,65.96560133
DOM,2021,73.32102758
GIN,2007,57.16190125
KHM,2018,69.35586113
SVN,2003,76.34395429
IRN,2015,77.27827213
AUT,2015,80.98621911
YEM,2000,63.08164608
ISL,2012,81.9847692
ERI,2004,57.68987112
ISL,2017,82.27340584
MWI,2008,54.26093144
GNB,2009,54.71780339
RWA,2011,65.04603076
LTU,2013,73.86695735
MNG,2009,66.92759176
SVK,2017,77.09456027
LBR,2015,60.37754989
IRN,2019,77.78361908
WSM,2004,70.17537437
ITA,2020,81.93997914
TUN,2003,74.95127697
MDA,2005,65.99301769
MEX,2005,74.92683948
ISR,2005,79.7067797
HRV,2000,74.75166907
TLS,2017,68.23558592
TTO,2015,74.35412517
CPV,2017,74.91155361
SOM,2011,43.81163424
VCT,2021,72.55709418
UKR,2005,67.10598289
SWE,2002,79.75650347
MNG,2017,70.09899409
ARG,2010,75.76938267
AGO,2006,54.27926946
TJK,2007,68.67357175
KGZ,2010,69.19156126
FSM,2014,65.26774587
PAN,2003,76.1866534
VEN,2009,74.56885736
TON,2018,72.84423109
NPL,2004,67.69735163
CMR,2020,62.18085382
ITA,2007,81.17657713
BRA,2017,74.98912241
LSO,2007,43.88764108
TJK,2004,67.99767342
BWA,2012,59.74879487
GNQ,2019,61.38714512
ARM,2014,74.19757704
GHA,2000,59.08500401
BEL,2007,79.56569667
CAN,2005,79.95094625
TZA,2007,59.37881257
OMN,2000,71.65888476
HTI,2017,63.2460029
SLV,2011,74.57443118
POL,2005,74.89551806
NPL,2000,65.36598722
JPN,2004,82.37003875
NAM,2001,52.37399446
MNE,2011,75.9899009
PAK,2000,61.40857442
BEL,2001,77.97358091
NPL,2017,70.84484004
ETH,2008,61.00289968
SYR,2008,73.54815311
EST,2017,78.2161445
THA,2013,76.54383011
RWA,2020,68.26351399
CPV,2015,74.82831017
SOM,2019,55.21397342
BRN,2009,76.87788068
BOL,2009,70.13714581
DNK,2014,80.51401409
URY,2003,74.80937399
BRB,2001,75.05768919
GTM,2017,72.69594645
OMN,2021,72.47676726
HTI,2009,60.74938385
MKD,2018,76.46395817
ARM,2011,73.30611739
MYS,2007,74.43641055
GUY,2003,64.68058964
JPN,2000,81.5301793
PNG,2019,66.67377821
MYS,2001,73.51935373
GHA,2011,62.58287212
CIV,2021,63.5174083
ZAF,2011,59.100348
NAM,2003,51.39447349
AGO,2008,56.22016209
BOL,2000,66.09385895
NAM,2015,61.8615054
LVA,2004,70.8139625
UZB,2015,69.42591804
GNB,2004,51.76786398
NIC,2015,78.26048387
MYS,2012,74.61637828
IRN,2005,74.88504507
VEN,2000,74.03248641
JOR,2006,73.85308999
COD,2014,59.46084106
MLI,2005,56.25739607
TKM,2012,69.3130409
CAN,2020,81.29950989
JPN,2007,82.7592849
LAO,2013,65.9670211
AUS,2003,80.56634063
ISL,2009,81.49587558
CHN,2007,73.8389379
OMN,2008,73.35031827
MDG,2006,61.19063264
BFA,2019,62.61228276
TTO,2014,74.31626767
DEU,2020,80.79637728
CHN,2020,77.48113543
ARG,2013,76.20888199
FJI,2018,67.86709271
THA,2012,76.18036117
MLI,2018,61.31661022
TON,2007,72.00901963
PHL,2010,69.68865207
BRA,2005,73.14791265
SYC,2006,72.35760551
EGY,2003,68.78353005
KEN,2000,54.09203911
PNG,2010,64.88774886
BIH,2009,76.7825838
PAK,2019,67.02931501
MUS,2021,73.41967032
BGD,2002,66.35390682
MNG,2012,67.84058521
MLT,2009,80.24911661
YEM,2013,68.75410162
NOR,2008,80.49471477
BTN,2013,72.72164626
MLT,2006,79.36712993
TJK,2008,69.0368299
SWE,2009,81.1481904
PRY,2000,74.68296704
PRT,2009,79.40582714
MNE,2005,73.98743557
MDG,2003,59.72543671
COL,2008,75.40888643
LTU,2000,71.99825868
CYP,2003,79.11243929
ERI,2002,56.7567552
BLZ,2014,74.2195742
ZWE,2009,49.66000005
LBR,2002,53.66640831
UZB,2000,61.67667881
NLD,2002,78.28829662
PRK,2007,69.69220494
LTU,2017,75.48786469
WSM,2015,70.01944065
KOR,2001,76.56907797
AGO,2009,57.07394875
SLB,2000,63.397598
ISL,2014,82.09822512
ERI,2019,63.76432633
TJK,2000,65.64695846
KHM,2017,69.12694998
NZL,2005,79.93637338
UGA,2015,64.2155816
AZE,2008,68.71279885
SWZ,2018,54.73682091
AFG,2013,60.43497705
SLB,2005,63.69667846
BFA,2003,53.57987835
PAN,2001,76.07140858
GMB,2005,60.52311247
CHE,2001,80.10038738
ITA,2005,80.51057716
SLE,2015,56.88673236
TJK,2019,73.80997068
CAF,2003,45.20505974
SEN,2008,64.57897818
GAB,2008,60.80435396
LAO,2016,67.33210713
BFA,2017,61.8809308
MNG,2021,70.09795294
BEN,2008,60.45115465
ATG,2007,74.95910853
ATG,2017,75.565575
GIN,2021,61.26251027
TUR,2008,76.65466357
SOM,2005,49.79233436
VEN,2017,72.98365736
SLE,2013,57.05432525
LBR,2016,62.21305435
BGD,2017,73.37868377
EST,2014,77.0967995
CHL,2003,77.44592963
IRQ,2020,70.41410059
MAR,2020,72.50615909
HND,2013,69.35287284
GNQ,2018,61.42093734
BHS,2011,72.74543627
MOZ,2014,55.02757929
MDV,2002,71.06296933
CYP,2001,78.86668678
MNG,2010,67.10227644
NZL,2013,81.36359879
IND,2018,70.35439242
USA,2011,78.65364022
CHE,2007,81.59797301
IND,2000,63.19893734
CZE,2021,77.07730392
LAO,2000,58.27571315
SLB,2015,65.15166823
USA,2021,76.37368104
NLD,2008,80.25577925
AZE,2002,66.7152002
KAZ,2009,68.51597079
PRI,2012,79.34782827
HND,2008,70.9858569
LAO,2003,60.19558269
GTM,2012,71.91726662
MWI,2003,47.14250921
DOM,2000,73.39790354
ITA,2014,82.61004631
TKM,2019,69.14190532
STP,2007,67.22798633
SGP,2017,83.22151158
NZL,2001,78.46853865
SVN,2009,79.05086528
CHL,2006,78.48262712
CAF,2012,49.82204247
WSM,2017,69.98522366
BHS,2001,71.11367814
ITA,2002,79.95596277
THA,2008,74.46372111
RUS,2016,71.6156235
LBR,2014,58.11259758
BGR,2000,71.6428836
TGO,2005,56.95869918
QAT,2005,71.03950228
EGY,2012,69.82990211
KWT,2006,78.57389835
LTU,2011,73.54804338
HRV,2005,75.47609796
IDN,2012,69.79466506
SWE,2013,81.64075183
PAK,2013,65.10777782
ETH,2009,62.16370614
GRC,2003,79.0919372
BGR,2015,74.56358707
MEX,2004,75.04316184
SVN,2016,80.81692358
TLS,2016,68.07445467
KGZ,2012,69.96020158
TKM,2002,65.87608131
SRB,2011,74.54862943
FJI,2016,67.7499939
DEU,2012,80.59346041
PAN,2008,76.98278869
MDG,2015,63.35879155
SGP,2014,82.60495523
FIN,2011,80.2843093
CHL,2001,76.75737429
PRT,2019,81.36750616
CHE,2006,81.41480541
MLI,2002,54.16297861
SWE,2003,80.00643909
AGO,2021,62.13113467
CZE,2016,78.93030378
CHN,2005,72.44256077
LCA,2006,74.71126509
HRV,2001,75.00312259
JOR,2008,75.81217115
CPV,2016,74.86326568
ETH,2015,67.10395358
TUN,2006,75.57522085
SSD,2018,58.86129412
TKM,2004,65.61545494
AUS,2016,82.59341791
LBY,2008,74.20131986
ARM,2012,73.66922093
HTI,2018,63.47163817
KHM,2008,65.7502876
MRT,2004,65.40083987
BTN,2006,69.95563044
TGO,2003,56.35238007
SAU,2012,77.02520885
YEM,2006,66.27840827
BGD,2007,68.42856138
COD,2015,59.96244072
LUX,2000,78.4163246
UZB,2016,69.95773109
MNE,2002,73.54605523
PER,2008,78.86141336
ZAF,2010,57.09683041
UZB,2003,62.74285785
NPL,2001,66.16930825
ZWE,2014,56.95717402
LBY,2007,74.50020642
GRC,2000,78.42147917
DZA,2005,74.07853584
MDV,2010,74.73135148
LBY,2010,74.11333
PAK,2004,62.44387744
URY,2021,74.98295244
GNQ,2004,56.18357801
KOR,2019,83.68842093
SDN,2000,62.48898469
KGZ,2003,66.27050684
SSD,2013,59.03400442
MOZ,2011,53.5270243
ZAF,2018,65.31532246
BRA,2008,73.71397618
SEN,2011,65.97224307
FRA,2005,80.00456559
MDA,2013,71.32497048
GMB,2004,60.16114704
ESP,2002,79.48845207
ETH,2021,67.83909086
BWA,2015,62.04575871
SYR,2002,72.00814832
GRC,2015,80.41608244
MDV,2011,75.10252928
PRY,2002,75.11313392
TZA,2010,61.6819464
CRI,2012,80.42316166
JOR,2014,77.96984738
ITA,2001,79.67653939
JOR,2001,72.6802332
BOL,2021,65.41062535
DNK,2015,80.59412958
WSM,2008,70.48283276
VNM,2000,71.87399979
CAF,2004,45.61618547
KIR,2017,61.81777917
GAB,2016,64.25526743
STP,2001,63.93324972
SUR,2013,73.14787483
CHN,2021,77.61619672
QAT,2008,72.36968987
EST,2005,72.88570642
NGA,2012,60.64324912
DEU,2015,80.4259243
BTN,2017,73.54716542
PSE,2005,70.5600974
THA,2019,76.92495279
TKM,2016,68.96406385
VEN,2015,73.93795547
MNE,2000,73.43360465
CYP,2008,80.589293
BGD,2012,72.09310158
MUS,2010,73.34550791
BLZ,2020,74.69437572
ERI,2016,62.87736669
CIV,2013,59.30998362
WSM,2009,68.73125976
BGR,2008,73.24591413
DEU,2016,80.68537775
CPV,2001,71.98653007
BIH,2001,75.85448253
PRY,2010,74.73073675
GRC,2014,80.83818972
NAM,2013,61.87769769
QAT,2006,71.48490844
ARE,2006,80.09096187
SDN,2008,66.10814996
HUN,2020,75.76307465
PNG,2000,63.35685153
MAR,2007,71.60883866
GRD,2005,70.64904308
LAO,2012,65.52691412
SRB,2013,75.22896744
PER,2017,79.35847297
BOL,2013,71.33805685
GMB,2002,59.58972076
NZL,2007,80.04299252
FJI,2001,66.34541639
TUN,2017,77.03145853
PRI,2019,80.50288098
LKA,2004,69.11941478
COD,2002,53.2535703
KEN,2008,59.48455643
KEN,2009,60.49062126
JAM,2015,72.28943851
BFA,2016,61.35518157
CYP,2015,81.80149333
LBN,2001,76.1562609
USA,2009,78.42393798
KAZ,2017,72.96750185
SVN,2004,77.10892927
SSD,2000,51.90046634
ARG,2007,75.05610078
BRN,2003,76.10651217
BDI,2000,44.3609182
DEU,2008,79.87792037
IRN,2000,73.48542569
CRI,2007,80.2305467
SOM,2018,54.6726292
CHL,2000,76.79721978
CAF,2005,46.14092523
UGA,2001,49.78388659
BLZ,2018,74.57665716
CYP,2007,80.21271187
GBR,2013,80.68571114
HUN,2018,76.08502162
WSM,2013,70.24040584
LCA,2014,76.28411905
KGZ,2021,72.18500345
ROU,2002,70.90278508
MUS,2011,73.5157206
KHM,2016,68.91001703
DJI,2013,63.13924805
PRI,2014,79.89363862
FSM,2004,64.15853132
CHN,2012,75.48068539
CAF,2016,51.50031283
DOM,2013,73.27936819
ETH,2011,64.25857509
ARG,2004,74.90566583
GEO,2019,73.85275108
NOR,2009,80.74746239
MMR,2013,66.44771624
SRB,2002,72.31660412
PHL,2012,69.54178119
BWA,2014,61.38291822
TCD,2007,53.97297101
MMR,2018,68.55999093
MEX,2017,75.87022362
AUS,2021,83.10183853
ETH,2012,65.13407348
GEO,2010,71.81805259
BDI,2005,50.9090504
IRQ,2012,71.6393156
GBR,2019,81.22319266
KAZ,2008,67.14338476
BGD,2014,72.77669075
BEL,2009,79.82665275
TON,2014,72.38182372
ROU,2014,74.86061311
EST,2016,77.71059498
DEU,2006,79.60448013
ZAF,2007,52.90958642
ISL,2020,82.56117418
IDN,2000,67.20520958
LBY,2000,74.0447285
LCA,2002,73.50932526
SWZ,2013,49.97813792
BHS,2004,72.14409998
PAN,2018,78.651343
ITA,2008,81.37070791
AGO,2007,55.35489997
MLT,2002,78.4088864
BLR,2015,73.73950531
THA,2004,72.04096222
SOM,2001,49.32648692
TLS,2015,67.83593705
KAZ,2014,71.47528342
SLV,2016,73.58698324
EST,2006,73.02632317
VNM,2012,72.74028809
BTN,2021,74.87642848
KIR,2006,61.1004495
MDG,2017,63.57935928
BHS,2018,73.38286364
COL,2019,77.9535847
PRT,2012,80.21024339
CHE,2020,82.73602492
PHL,2020,69.6404352
GAB,2018,64.70364722
MUS,2014,74.00992363
BRA,2006,73.33073271
GTM,2019,72.70697215
TUR,2003,75.30413279
DOM,2009,73.54510674
SEN,2010,65.56526204
MOZ,2013,54.24267779
DJI,2021,64.87227149
DJI,2005,60.0931017
GMB,2015,63.79523685
FRA,2021,81.92274175
ROU,2017,75.11122981
MEX,2003,74.62788874
JPN,2017,84.25809871
FIN,2014,80.86537331
GMB,2012,63.20846898
MLI,2009,58.27710615
NIC,2011,76.94363065
SUR,2008,72.20581026
BIH,2003,76.3852253
LSO,2012,49.02029182
AGO,2015,61.59307464
CHN,2006,73.28900157
SWE,2014,81.92750078
DZA,2010,75.28662824
KWT,2013,81.73672815
LVA,2018,75.05473366
COD,2010,57.39937072
ROU,2003,71.23111832
GMB,2000,59.15410966
FSM,2017,65.6570782
UKR,2011,70.93317751
GNB,2020,58.37604595
VUT,2013,66.60736544
BHR,2012,74.57322126
MKD,2008,74.31760094
LBR,2019,63.44171284
BOL,2014,71.64868401
SUR,2015,72.9788443
ALB,2010,76.21290189
WSM,2006,70.43219518
RWA,2005,57.02758036
QAT,2014,76.57011341
FIN,2021,81.53419484
LSO,2018,51.60129602
KWT,2007,79.05909554
BHR,2013,75.02710867
COD,2000,52.64392739
YEM,2008,67.19372426
PHL,2006,69.22944541
CUB,2002,77.74907347
TGO,2008,57.96842813
ETH,2000,50.78760514
MLT,2004,78.90071191
BFA,2002,52.90685822
LSO,2002,47.82881329
HND,2016,71.09197895
NIC,2019,78.87404349
MWI,2009,55.72789905
JOR,2007,74.97453582
KEN,2004,55.51027953
CUB,2015,77.92972815
CIV,2010,57.33114203
HTI,2008,60.2556984
IRL,2014,81.05218065
MNG,2020,72.70622882
LSO,2004,43.80676222
PRT,2005,77.99178078
UZB,2001,62.16554368
COD,2021,61.62552641
MUS,2016,74.15809377
BLZ,2005,72.3988756
GNB,2000,50.19859342
STP,2003,65.23040933
YEM,2016,67.6890605
NGA,2003,55.58470303
ATG,2020,77.61326031
BRB,2019,76.03984637
SSD,2010,58.75152485
BOL,2012,71.0361986
COG,2003,54.50087703
MNE,2008,75.02700903
WSM,2003,70.05898224
BGD,2003,66.7835174
KHM,2019,69.55846339
TKM,2011,69.23413358
GRD,2014,72.54366171
AUS,2014,82.36885018
CPV,2009,73.98241137
GRD,2021,72.77322454
PSE,2019,75.83098235
DEU,2009,79.99437865
TKM,2008,66.98536912
KAZ,2015,71.97923102
MYS,2013,74.72307296
JOR,2004,73.56285182
NLD,2017,81.52798471
JAM,2005,71.36246208
BRB,2013,76.24143589
COL,2014,77.36559952
YEM,2019,66.89863946
EST,2007,73.12739174
KOR,2002,76.94317285
LSO,2008,45.90439498
IRN,2020,75.18860837
ARE,2008,80.7993244
ZMB,2012,58.68526361
MDV,2021,75.39664085
AUS,2019,82.64234014
HTI,2014,62.25423095
VUT,2012,66.43172159
NPL,2019,71.36142995
TCD,2001,51.59248612
IRN,2016,77.37336206
MUS,2007,72.6045072
GUY,2011,66.13531761
BTN,2020,74.45119684
GAB,2000,57.68875146
ESP,2011,81.81256597
ERI,2005,58.13577563
IRN,2009,76.24197751
YEM,2004,65.2063964
ZWE,2008,48.32688541
BRB,2006,75.05596421
COG,2001,53.11126203
GEO,2005,72.04358005
LAO,2019,68.35701918
GRD,2002,71.12022945
SWZ,2007,43.59627355
GEO,2012,72.18519482
CPV,2003,72.33302782
JPN,2019,84.46675304
MRT,2008,67.64336926
SDN,2014,68.08985985
BIH,2006,76.79616301
UKR,2020,72.49786713
STP,2012,69.53766595
COG,2008,59.22236239
GHA,2002,59.31647181
COL,2010,75.96054748
HRV,2009,76.44559714
DEU,2017,80.75116875
ATG,2009,75.51285045
LKA,2010,74.13617419
ATG,2014,75.59206584
MUS,2019,74.05607067
BHS,2019,70.73776422
ROU,2012,74.34204624
KOR,2020,83.79726372
COM,2019,68.10062174
MLI,2006,56.77509358
ARM,2021,72.98458202
SSD,2008,57.67870573
LVA,2000,70.21458573
TTO,2018,73.99505843
OMN,2004,73.14911872
PSE,2013,74.20101603
CIV,2012,58.54983117
QAT,2020,77.27588364
JPN,2018,84.35134487
PRK,2021,72.6431485
BEL,2010,79.84805119
MRT,2012,69.09222123
BRN,2001,75.6811134
CMR,2004,53.56554781
BWA,2003,48.30164814
GUY,2016,67.56739413
IRQ,2000,69.48152045
DJI,2020,65.26548162
BEL,2015,80.70631194
QAT,2010,73.45657467
ROU,2011,74.44084112
SLB,2012,64.70197152
ERI,2006,58.75833395
TUR,2010,76.50699578
GRD,2019,72.72978901
KHM,2005,63.57944693
MAR,2017,73.53352195
ALB,2001,76.04202157
FJI,2009,67.25290005
ARM,2001,71.79061149
PHL,2002,69.42147225
DEU,2010,80.18047005
ISR,2019,82.57325579
MNG,2014,68.96351192
MAR,2006,71.42901619
QAT,2018,78.6332828
KWT,2008,78.26367194
MEX,2014,75.90738439
SOM,2012,50.10797443
KEN,2020,66.79345007
PAN,2005,76.45196957
SLB,2009,64.16468031
SSD,2019,58.99663561
DZA,2020,74.02004217
CHL,2007,78.48498969
SVK,2006,74.36445517
LVA,2011,73.67057625
PAN,2016,78.24463546
MDA,2007,67.22688687
NZL,2011,80.74980096
NIC,2009,76.56414767
SDN,2018,69.24813878
LCA,2001,73.33798376
SDN,2004,63.6815858
MNG,2019,70.7501793
IRL,2016,81.40605545
KAZ,2000,64.35326131
COG,2009,60.08941536
GMB,2020,64.7871582
MOZ,2016,56.63490108
BGR,2010,73.66597105
PSE,2003,69.63177214
MKD,2001,73.26733128
MDA,2016,71.84582325
VUT,2016,66.91782394
RWA,2015,66.96378175
BLZ,2008,73.53821496
MLT,2008,79.93204914
LUX,2013,81.87819611
ARM,2002,71.58333169
LBR,2021,63.45730846
UZB,2020,71.36099727
IDN,2002,67.65122104
KGZ,2019,73.58598166
SYR,2012,64.99959827
AFG,2014,60.42859204
BTN,2012,72.45535288
PHL,2021,66.40834182
LVA,2005,70.49159571
CRI,2003,78.7075014
ROU,2008,73.30477662
HUN,2002,72.48544621
VCT,2008,73.51667142
BRA,2018,75.31944699
IRN,2014,77.29855084
URY,2011,76.59711654
COL,2002,72.8310481
GNQ,2001,54.84349385
SDN,2021,67.58515204
IDN,2017,71.00063238
ISL,2000,79.6920726
BFA,2004,54.3424593
CPV,2011,74.33323277
HTI,2010,39.95809831
NOR,2004,79.81803393
BHS,2012,72.84562635
VEN,2014,74.05573564
UKR,2012,71.09437239
GEO,2008,71.71817156
HUN,2013,75.59159743
SOM,2007,49.97697257
TGO,2017,62.55310805
CHL,2011,79.55204941
CIV,2008,56.57054792
LKA,2007,73.81640208
CAF,2014,49.17728884
MMR,2006,62.15642058
SGP,2019,83.8984774
BFA,2010,58.61217661
FJI,2015,67.8018416
PRY,2004,74.56424274
PRI,2017,78.42817699
TUR,2000,73.31499528
DNK,2006,78.19096238
SDN,2007,65.760154
QAT,2016,78.22428304
SGP,2000,78.52088806
VUT,2018,67.04714117
MNG,2013,68.39260768
BHR,2016,75.65906707
MAR,2003,70.88040999
LCA,2003,73.77614845
KIR,2020,61.87697198
KAZ,2013,70.6757737
MDG,2000,58.73234782
GBR,2016,80.81034292
MEX,2009,75.14215277
CPV,2013,74.70386595
PER,2020,72.7753962
MRT,2000,62.9207429
CHE,2008,81.86194325
COG,2004,55.40549068
HTI,2006,59.24644609
ARM,2013,74.18785118
RUS,2007,67.42224647
ZMB,2010,57.42656833
TLS,2004,65.10952919
MUS,2003,71.8438719
AZE,2009,69.37470529
GMB,2018,64.60661374
RWA,2006,59.15292023
NGA,2018,62.68563037
HRV,2019,78.60209541
MEX,2001,74.55106521
IRQ,2004,69.06294468
MOZ,2009,53.32648003
UGA,2017,65.21733648
LBY,2003,73.51059338
DZA,2017,76.40431934
PSE,2012,73.09729954
JPN,2009,83.15818254
TUR,2002,74.77351879
MMR,2019,68.80517618
CHN,2010,74.65168239
SLV,2007,74.16542856
VCT,2014,72.73600877
CHN,2016,76.71571735
NLD,2019,82.33882776
PSE,2009,69.43075818
GIN,2020,61.15586466
MNE,2007,74.67252275
NZL,2017,81.16380852
GIN,2013,59.12749175
NAM,2016,62.05755741
ZWE,2012,54.90174943
GRD,2011,72.12250252
GEO,2020,73.10852232
NER,2004,53.86159387
SWZ,2005,41.77987727
AZE,2001,66.31096148
TUR,2017,77.07084923
ARM,2007,72.53070418
CIV,2002,51.80536737
HTI,2019,63.66018845
GEO,2011,71.94043757
ERI,2020,63.82002522
STP,2009,68.39802803
SSD,2009,57.82228027
NPL,2009,69.26898964
BHS,2013,73.00901267
JAM,2016,72.33025467
BLR,2000,68.79296699
COM,2006,64.55149646
BEN,2021,64.01268515
PAK,2018,66.73689511
PRK,2009,69.87200709
VUT,2007,65.5182575
ZWE,2006,46.40915188
TCD,2008,54.40322043
SVN,2019,81.28502446
PSE,2014,74.19704282
AUT,2020,81.08512036
AUT,2008,80.26667316
SEN,2009,65.11616175
ALB,2002,75.48885772
IRN,2001,73.7597003
COG,2000,52.21826617
TLS,2003,64.51597993
HRV,2017,78.12551064
VEN,2005,74.71197022
KGZ,2014,70.89588242
SVK,2019,77.61261952
NGA,2015,61.73359862
MKD,2016,75.56274435
SGP,2009,81.58275269
KIR,2012,61.47703351
LUX,2009,80.92194389
MAR,2008,71.88491111
JOR,2000,72.72227433
IDN,2004,66.25106515
KGZ,2020,71.47082259
URY,2000,74.87862057
LCA,2020,75.63349527
BDI,2021,64.00694993
MYS,2010,74.02631776
BFA,2011,59.07175267
MNE,2018,77.222772
SYR,2011,71.88413217
EGY,2021,69.10821615
MDA,2010,67.76693165
DEU,2000,78.10603024
HND,2007,70.94703187
SWE,2010,81.30465771
MDG,2002,59.4274793
UZB,2018,71.46640597
GTM,2013,71.749288
CZE,2017,78.85473024
TLS,2008,66.57678716
MWI,2012,59.42059707
GBR,2002,78.07797235
FJI,2021,65.50058445
SVN,2020,80.33576726
ISR,2004,79.54240915
CHL,2013,79.82550323
ETH,2018,68.47192846
CZE,2001,75.30051991
CAN,2001,79.3114365
MLI,2015,60.12125985
DZA,2007,74.59216684
AUT,2006,79.80520182
BEN,2000,57.42109531
IDN,2016,70.77579907
FIN,2016,81.11659919
ERI,2021,63.57308435
FRA,2017,82.17093951
MLT,2000,77.81522196
ROU,2001,71.21463166
FIN,2019,81.64702187
CAN,2018,81.73382897
UKR,2015,72.14894514
MLT,2014,81.45292313
GNQ,2009,59.83637977
SSD,2021,58.57353884
IND,2017,70.06082604
ZAF,2008,53.91253666
SUR,2005,71.23039924
THA,2000,71.0119193
STP,2010,68.81769379
RUS,2008,67.78990217
GIN,2010,58.26432378
LKA,2012,75.63306733
KEN,2021,66.76221995
LTU,2004,71.87471415
ALB,2017,77.91038596
BHS,2007,73.08736276
ATG,2004,75.37748429
NIC,2004,75.88808385
COD,2009,56.80885819
GNB,2007,53.47365795
GMB,2014,63.57797414
SRB,2000,71.49721977
JPN,2008,82.83288975
KWT,2005,78.37752584
VNM,2004,72.15340395
NGA,2016,62.04834174
HRV,2021,76.8616792
TJK,2018,73.49599296
PSE,2011,72.78320408
MDG,2021,62.9342555
MLT,2016,81.88080877
MOZ,2019,58.50505639
VEN,2001,73.89650756
PSE,2002,68.63142308
MEX,2007,75.52454869
IRN,2010,76.56624741
POL,2015,77.27808527
TJK,2002,66.94490991
LBY,2012,73.92406847
TUR,2005,76.19636776
ZMB,2018,61.41187871
MOZ,2010,53.33150279
KHM,2001,60.02516946
AUT,2021,80.99297519
BDI,2018,64.02759286
IND,2005,65.53031169
ETH,2010,63.25475143
DZA,2009,75.06025654
GIN,2018,60.65900972
AFG,2016,60.39366208
PNG,2004,63.6270316
ISL,2019,82.4706163
ZWE,2019,59.07171997
SVN,2010,79.54577335
NGA,2009,59.30198282
CHN,2000,70.83886138
ITA,2010,81.89505601
NAM,2012,61.49462249
MYS,2021,72.8101035
URY,2007,75.38115954
TTO,2009,72.84103384
CZE,2013,78.1114359
BRN,2021,76.92260844
SYC,2017,73.0936681
MNE,2020,75.47582429
STP,2017,71.25615442
HUN,2015,75.5700037
UGA,2014,63.49406001
AGO,2000,49.36774351
GBR,2001,77.95184342
COL,2000,72.53854433
AFG,2003,56.08520691
CZE,2000,75.0301441
GAB,2020,65.12601321
BIH,2005,76.54879498
THA,2016,76.9976755
GRC,2006,79.74258324
DNK,2016,80.71406105
MWI,2017,62.5519407
COM,2001,62.70292188
SWE,2018,82.20163712
MDV,2006,73.36205884
HUN,2001,72.40337452
LTU,2021,74.13314711
TGO,2013,60.71230247
AUT,2004,79.11359324
SLE,2014,55.83770997
SLE,2016,58.75068972
ISR,2009,81.12924437
ISL,2004,80.76637117
TON,2011,72.18060639
CAN,2000,79.08864173
LBR,2013,61.38474407
VCT,2010,73.48342047
ZWE,2013,56.08364808
VNM,2017,73.40138207
TCD,2013,57.01481483
MDG,2014,63.22596923
COL,2020,76.17457612
UGA,2000,48.8900405
JAM,2013,74.2198557
MLI,2012,59.27099434
BHR,2010,73.86198294
GRC,2001,78.82217341
YEM,2005,65.75114077
COL,2012,76.94484313
TZA,2013,64.03254511
LBN,2002,76.55400992
BHR,2009,73.40666919
ERI,2008,59.61833756
TKM,2005,65.28550391
GMB,2001,59.40248243
FSM,2016,65.5242044
USA,2003,76.98967151
IDN,2013,70.05398814
SLE,2010,54.97106845
LBY,2015,72.65332031
GBR,2012,80.64107832
BRN,2018,76.40808264
PHL,2019,69.42943033
MNG,2005,65.26255095
KEN,2017,65.61126491
ARE,2014,80.64754288
BTN,2018,73.75301201
SLV,2009,74.00196009
BGR,2017,74.71989724
VNM,2003,72.11217075
MEX,2008,75.08739804
GUY,2010,66.14634849
BRA,2021,72.38840694
SLV,2019,74.28004903
IRL,2000,76.41796785
ESP,2005,80.00981734
BOL,2006,69.1623043
CYP,2021,81.912741
BHR,2015,75.75082454
WSM,2005,70.24626535
IND,2002,64.16827815
ZMB,2000,44.52713939
KAZ,2016,72.39593644
BIH,2016,77.13183233
BLZ,2003,71.80038956
LVA,2009,72.66145576
LVA,2016,74.95310955
MLI,2019,61.83290988
PAN,2002,76.2835354
KHM,2004,62.73254827
BRN,2008,76.7179356
NOR,2018,82.44230107
GIN,2008,57.53628959
PRT,2008,79.19526814
BFA,2015,60.94298433
FSM,2008,64.49273801
TJK,2020,70.55595856
MAR,2004,71.03043411
IND,2019,70.72711152
PRK,2000,62.51800133
GIN,2012,58.88851718
FRA,2016,82.13202442
YEM,2021,65.76206783
TCD,2014,57.46459955
CRI,2011,80.26271645
COG,2011,61.13100658
TUN,2021,74.06842662
ROU,2007,73.13558178
FIN,2002,78.12614307
WSM,2010,70.48867026
ZMB,2001,44.99215514
GEO,2021,71.24038597
HRV,2013,77.85314853
SVN,2008,78.89957706
GHA,2015,64.33720534
PAN,2004,76.4816701
JAM,2008,70.6377363
KAZ,2001,64.70931637
BEL,2011,80.16687766
ARM,2016,74.40594896
VCT,2017,73.09125438
UGA,2005,54.81013228
LBN,2007,77.46682627
CYP,2000,78.83247264
IRN,2012,77.0924022
BEL,2018,81.2494226
CAN,2021,81.58276248
ESP,2018,82.76765981
GTM,2016,72.23492224
BIH,2002,76.09726725
PNG,2016,66.19035356
OMN,2005,73.361458
CHL,2020,79.90385052
MMR,2004,61.06960565
SUR,2014,73.05386141
PER,2000,75.12364237
MNE,2021,74.70975149
UZB,2013,68.3723982
NLD,2007,80.12725056
CPV,2010,74.23169531
LBR,2009,60.0506239
EGY,2001,68.84530776
SYC,2015,73.16237091
ITA,2017,82.52191209
AGO,2014,61.13534716
NER,2014,59.45072248
ZMB,2021,60.96884286
URY,2020,77.79436073
KWT,2011,81.44805413
ESP,2019,83.13561895
CPV,2020,73.66739044
HND,2000,69.7632118
LSO,2021,51.47907482
GRC,2019,80.90744762
NOR,2006,80.28168328
ARG,2014,76.51452536
IND,2001,63.6569119
MDV,2020,76.1908817
HUN,2004,72.86168111
PRK,2002,62.79218596
BWA,2002,46.95490275
BTN,2009,71.27007127
HRV,2010,76.79829944
ITA,2018,82.77664183
HND,2009,70.99448917
FRA,2008,80.87497757
GBR,2010,80.25257339
BWA,2009,56.8865344
MUS,2000,71.13541086
MLI,2007,57.34348988
MRT,2001,63.48748709
MOZ,2001,51.31528926
BOL,2005,68.73158288
SWZ,2008,44.27535626
MNG,2008,66.90211117
MNG,2001,63.48955882
VUT,2000,64.92630401
ISL,2008,81.29367071
NPL,2005,68.18944823
ZMB,2014,59.98021269
DJI,2018,65.12011598
GRC,2004,79.2117166
NLD,2012,80.88872584
UGA,2016,64.67477151
TUR,2021,75.27238945
HTI,2000,56.72887807
SLE,2019,60.40224239
DOM,2007,72.98138698
VNM,2007,72.30106944
PAK,2010,64.14819561
TTO,2013,74.31731073
POL,2003,74.54799786
STP,2000,63.12867264
KAZ,2020,71.3205391
ARM,2019,75.66635568
TUN,2019,77.50537971
SLV,2000,71.64575132
MLI,2003,54.85059982
FRA,2009,81.04063075
USA,2018,78.62912526
DNK,2002,77.0288458
KIR,2002,60.60035552
CHE,2005,81.11493442
HUN,2011,74.90161819
ARG,2018,76.88825006
PRT,2015,80.89189476
MRT,2006,66.62015995
DOM,2020,73.56757121
TUN,2008,75.92697277
CHE,2010,82.19541207
SAU,2019,76.93147355
SEN,2016,67.7658388
ZAF,2017,64.74836762
BEL,2002,78.01455674
DEU,2018,80.64820055
LBR,2003,53.6245833
MWI,2021,62.48652597
PHL,2017,69.6392585
JPN,2014,83.79493082
NOR,2015,81.99495023
GIN,2019,61.12869188
PRK,2018,72.10726148
BEN,2019,64.13827469
SUR,2001,70.47457078
JAM,2019,72.23602877
VCT,2013,72.60483816
AUS,2010,81.91408232
SVN,2014,80.78508516
NZL,2008,80.3067588
KOR,2018,83.15048365
SDN,2006,65.28684508
PER,2001,75.95904765
CHL,2021,79.02404788
ROU,2021,72.76430945
SLV,2012,75.27280087
KOR,2000,75.85981554
GEO,2006,72.02382849
NOR,2021,82.88199872
MEX,2016,75.76103333
LUX,2001,78.61781312
NOR,2002,78.85942368
BRN,2011,76.98951902
TUN,2013,76.61373105
BEL,2000,77.67190502
BHR,2008,72.89097198
UGA,2002,50.65046911
NPL,2021,70.04936795
BDI,2015,62.7069542
LVA,2010,72.87994756
LAO,2001,58.88681637
LAO,2008,63.1872824
MLT,2001,78.11450102
MRT,2007,67.11455039
SAU,2001,70.80307838
TTO,2017,74.00520612
YEM,2018,66.38937201
BHR,2018,75.93620907
STP,2008,67.68827914
IRL,2020,81.69720975
MAR,2016,73.4071743
WSM,2016,69.92083473
CHE,2017,83.13986197
ETH,2005,57.02975496
LCA,2021,71.1130421
TCD,2018,58.95783062
PSE,2000,69.88946674
UKR,2016,72.62863559
SWZ,2012,49.10836702
ARG,2008,75.69496821
EGY,2014,70.46262161
FJI,2007,67.10363711
YEM,2017,67.67597451
SUR,2009,72.61759185
SUR,2002,70.41647923
AUS,2012,82.27247326
KGZ,2006,67.10547635
LVA,2017,74.9627685
MLI,2008,57.78455925
KWT,2017,82.62315795
HND,2003,70.19195664
BGD,2020,73.29812993
TZA,2003,54.98804057
SEN,2015,67.3624183
BEL,2005,78.85239236
NGA,2017,62.36209316
STP,2005,66.27283192
PNG,2002,63.43343076
TON,2004,71.44335848
LUX,2014,82.1608587
MNE,2009,75.38841226
MDG,2019,63.81664617
SAU,2021,76.42921259
CHE,2013,82.47547076
MRT,2013,69.22463674
BRA,2019,75.47815778
VCT,2003,72.24268792
JAM,2012,74.19029935
VUT,2003,65.08697701
MYS,2003,73.62194031
SYR,2018,64.30375249
LSO,2005,42.6642992
GRC,2008,79.9292479
MKD,2009,74.58841867
ISR,2018,82.59262272
HND,2006,70.7448816
TKM,2021,69.12049331
TLS,2010,67.00361983
CAF,2010,49.20179696
VUT,2020,67.09750807
CHN,2011,75.03511843
JAM,2007,69.58643623
ERI,2014,62.18741649
GHA,2012,63.16293767
PNG,2007,64.07514301
GIN,2014,58.60749611
UZB,2002,62.19230023
ETH,2016,67.58767511
SRB,2014,75.32134955
TKM,2010,69.12241685
VNM,2001,71.97988323
MDA,2020,72.14867013
TTO,2007,72.39472984
QAT,2015,77.79140376
SEN,2004,61.57202557
SRB,2009,73.97356349
AUT,2007,80.0322621
CAN,2013,81.55829938
SGP,2008,80.97823119
PAK,2002,61.92897932
GUY,2017,68.19380586
PRT,2000,76.58820219
TKM,2017,68.97743987
TUN,2005,75.37276042
LUX,2003,79.03207074
SRB,2021,72.80891574
HND,2012,68.99495317
UGA,2012,61.8009059
LCA,2018,76.11272762
DEU,2005,79.20819712
ARG,2002,74.2583112
DZA,2002,73.0881827
LBR,2018,63.09159913
VUT,2009,65.89385815
AFG,2021,59.12690224
LKA,2020,80.65621609
RUS,2010,68.82506177
BFA,2012,59.51806294
NGA,2000,54.05766545
PER,2005,77.53672089
BRB,2003,74.55086448
ZWE,2001,45.43212975
GBR,2020,80.14044898
VEN,2013,74.60132769
LBN,2008,77.52542218
BLZ,2017,74.56128899
BGR,2013,74.79512219
PAK,2011,64.54188869
BIH,2018,77.32123917
KEN,2010,61.28276083
IRL,2010,80.6170111
JOR,2016,78.7600732
MMR,2017,67.95077876
PAK,2016,66.05197225
TCD,2017,58.6099778
ISL,2001,79.99493866
JPN,2013,83.56021789
KIR,2014,61.63073757
MUS,2009,73.10056755
IRQ,2019,72.90009776
MAR,2014,73.12038211
ZMB,2020,61.83164861
BRB,2014,76.24311034
SLE,2006,52.49110548
ARE,2002,78.35124382
BHS,2009,72.80785073
PRY,2016,74.86420083
MKD,2007,73.65892824
PRK,2001,62.62928485
EGY,2008,69.77109335
LCA,2015,76.39243252
BLZ,2012,74.18063851
RWA,2004,54.65577616
ARM,2020,69.32859192
SRB,2010,74.27310939
LBN,2003,76.80310121
AGO,2003,51.74053195
SVK,2020,76.86888148
NIC,2017,78.50836352
MOZ,2012,53.74174488
ALB,2020,76.53104591
GMB,2019,64.91162984
KOR,2021,83.79982334
NER,2000,50.24298341
LAO,2002,59.61142102
NPL,2012,69.78951932
COL,2006,74.69666325
TGO,2009,58.50878639
PRI,2002,77.12054839
YEM,2015,68.25299786
GNB,2010,55.34491742
HUN,2010,74.5619878
MEX,2002,74.58875796
KHM,2012,67.72268359
ALB,2019,77.9406744
PRI,2020,79.93442802
ATG,2019,75.65878463
LUX,2018,82.81654634
NLD,2005,79.34144338
LTU,2007,70.61092139
SDN,2016,68.65126932
COG,2018,63.05964242
ALB,2004,75.42557931
OMN,2019,75.28986006
GHA,2006,60.34619824
FJI,2002,66.70441423
HND,2015,69.52898147
LKA,2016,76.7665914
MYS,2018,74.52805915
NER,2016,59.83593299
BHR,2000,69.68563925
PRK,2012,70.53323819
TZA,2018,66.39625941
FSM,2021,65.70956674
IRL,2021,81.60162902
BIH,2011,77.05795229
PNG,2015,66.00102041
BLR,2002,67.90677805
GHA,2005,60.06629663
PHL,2008,69.54674107
BDI,2016,63.24117705
PRI,2013,79.37939532
AFG,2020,60.49099642
MYS,2011,74.23051803
BRN,2005,76.47714892
UKR,2009,69.49300841
KAZ,2011,69.12835849
NOR,2010,80.86687696
SAU,2007,72.35473902
SLE,2007,52.87597512
ISL,2016,82.17563351
SVK,2009,75.21656698
GNQ,2005,56.77339509
KGZ,2007,67.79056016
COD,2016,60.43572174
HUN,2012,75.11315879
VUT,2011,66.2618784
GNB,2001,50.63672662
IRQ,2008,69.80976267
OMN,2020,73.88668102
SVK,2014,76.83437639
ESP,2015,82.32940416
ZMB,2007,53.57698997
URY,2018,77.03739696
QAT,2007,71.89910857
SYR,2015,60.0056598
MUS,2020,73.56975445
AUT,2014,81.23527679
COM,2004,63.97536549
SGP,2015,82.84921063
NER,2007,56.45936065
LAO,2017,67.7232745
ECU,2021,73.95801182
CHE,2021,83.32795777
MDG,2005,60.67184175
GRC,2016,80.71256832
GBR,2006,79.22561092
PNG,2008,64.35307086
ATG,2003,75.21279447
AZE,2007,69.26431968
GTM,2001,68.64112754
SAU,2008,72.99776938
BEL,2008,79.56481171
PSE,2007,70.80594736
PRY,2001,74.99163931
AUS,2001,80.12984228
MLT,2012,80.93951926
BRB,2018,76.28319327
CZE,2019,79.13720815
CRI,2009,80.60955741
PSE,2018,75.71172174
GEO,2015,72.85013916
AUT,2019,81.64847998
TUR,2015,76.68525905
ERI,2003,57.22781288
SUR,2004,70.80110636
GNQ,2015,61.12739135
CMR,2003,53.05889292
CRI,2001,78.07165726
BIH,2013,77.21186094
TKM,2020,68.47366895
MUS,2013,73.803364
AFG,2008,57.9008556
YEM,2014,68.71723916
LBR,2012,61.08289847
TUR,2018,77.55827507
DOM,2004,72.74531085
OMN,2006,73.46705832
AGO,2002,51.05750193
PSE,2015,74.56005234
FIN,2007,79.26874907
RWA,2010,64.20018842
SLV,2004,73.29271781
LBN,2006,76.79700172
IND,2015,69.3779891
SRB,2018,75.88354818
NGA,2001,54.47371595
IDN,2011,69.52313433
MDG,2008,62.01528236
HRV,2008,76.07190817
ISL,2003,80.56916041
LSO,2010,48.56510587
GAB,2017,64.52552888
PHL,2011,69.78448284
BRN,2017,76.40513341
NAM,2005,52.83409474
PRK,2008,69.79894796
CUB,2018,77.85421876
SEN,2013,66.58590644
GNQ,2003,55.73628907
COM,2014,67.0710997
ZAF,2004,52.24650084
FRA,2015,81.90513823
NIC,2008,76.35592363
ARM,2008,72.48685716
HUN,2007,73.45839333
PRY,2007,74.95391274
BOL,2010,70.42881387
MLT,2021,81.81193837
SDN,2020,68.44077001
FRA,2000,78.91105529
JOR,2011,76.9077149
ARE,2019,81.41096307
GBR,2018,80.6238199
QAT,2019,78.89595906
FSM,2002,62.91664429
UZB,2005,63.20028511
TUR,2013,76.83417226
SEN,2012,66.29422396
SRB,2017,75.57063328
ECU,2020,72.71138213
PSE,2004,69.48491624
SWE,2016,82.00943962
GBR,2000,77.85839464
TGO,2021,63.86461122
LKA,2014,76.17612763
DJI,2007,60.99155224
THA,2011,75.71879745
MNG,2004,64.84071925
SLV,2006,73.70492095
IDN,2018,71.1760389
POL,2021,75.4021086
BRN,2004,76.2980122
PSE,2001,69.33250971
KEN,2006,57.46429328
ECU,2019,77.75172721
BFA,2013,59.96461158
BLR,2006,69.30529977
AFG,2000,53.82332641
ARG,2001,74.27061688
PAN,2021,77.23869904
PRT,2021,81.17961003
BWA,2010,57.62665956
SYC,2000,72.10530836
SUR,2019,73.02285851
QAT,2011,74.27799506
CRI,2006,79.36411318
LBN,2000,75.71500924
ECU,2016,77.17996695
ZWE,2018,58.69836684
DJI,2017,64.73030842
IRQ,2010,71.06507591
RWA,2016,67.17638437
NPL,2007,68.80504578
CYP,2020,82.06263041
EST,2004,72.26375853
LTU,2010,73.07761938
BIH,2010,76.98324032
BOL,2016,72.22076039
TTO,2010,73.32339874
KWT,2021,78.95211671
OMN,2007,73.4022288
NIC,2013,77.25621199
TZA,2000,52.79227334
OMN,2015,73.77326508
TJK,2013,71.7590921
ZAF,2016,63.87748533
MOZ,2000,50.95314578
BDI,2019,64.3185906
NZL,2004,79.15482107
TTO,2005,71.67544737
SUR,2012,73.34638856
BEN,2015,62.62662
ESP,2016,82.73070599
COD,2005,54.94182979
ZAF,2019,65.83739077
NIC,2012,77.05200653
GBR,2009,80.03183927
ALB,2008,74.9883157
GUY,2005,65.05195592
IDN,2001,67.44224013
ESP,2013,82.47881258
BHR,2006,71.69627417
KIR,2013,61.57296264
ZWE,2004,45.152854
TKM,2007,66.17071827
LBR,2006,58.56299111
SRB,2003,72.44791076
NZL,2019,81.81181567
BGD,2013,72.59072924
BFA,2007,56.71279625
SLB,2004,63.61418491
MRT,2019,70.17546548
ISL,2011,81.86017778
UZB,2006,64.19601086
DJI,2015,63.87735947
KEN,2011,61.98126671
MDV,2003,71.62171461
ZMB,2004,48.77289416
AGO,2010,57.96461105
LVA,2008,71.85232762
NZL,2015,81.31375727
ZMB,2016,60.96146792
GAB,2019,64.97251699
SWE,2006,80.63113222
SLE,2020,60.52060193
NOR,2007,80.35099102
ROU,2005,72.09847343
KHM,2020,69.84097141
POL,2012,76.63330274
DOM,2003,73.229535
LBY,2013,74.21873286
BRN,2000,75.50502993
MEX,2018,75.91673747
SAU,2004,71.6044008
BLZ,2000,70.09513226
GHA,2009,61.52802106
STP,2018,71.4403986
MWI,2018,62.91863389
NIC,2007,76.42101694
AZE,2011,70.38906117
NOR,2000,78.53510862
BRN,2010,76.97095289
MOZ,2006,52.16412753
LBY,2004,73.84878468
AFG,2009,58.52946588
SWZ,2004,41.87434793
BOL,2007,69.47053335
FSM,2019,65.9434567
ZWE,2016,57.9178434
MUS,2017,74.11525101
ISR,2003,79.09724844
THA,2003,72.03975902
JPN,2005,82.23817071
ITA,2003,79.81728413
EGY,2015,70.05641038
ERI,2009,60.06524888
ITA,2019,82.98522568
MAR,2010,72.37286998
CMR,2012,57.77355305
CRI,2016,80.11048492
MMR,2011,65.22860154
PAN,2007,76.98645861
SWZ,2009,45.04734029
HTI,2003,57.92054551
GIN,2006,56.85533921
NOR,2012,81.23445235
VNM,2015,73.03125783
TTO,2012,74.64546221
MDV,2001,70.45676102
PNG,2017,66.39410121
JAM,2000,72.25330071
THA,2018,77.14916132
TZA,2017,65.98183854
POL,2011,76.56402189
MWI,2005,49.35021214
YEM,2007,66.73494764
MUS,2005,72.14096947
PER,2002,76.14080179
COD,2003,53.6935484
JAM,2014,73.23854714
MKD,2019,76.14804901
BEL,2021,81.5059627
FRA,2010,81.2215994
GNQ,2012,60.11028327
LCA,2010,76.00781498
MNG,2018,70.47775442
NIC,2014,77.51891848
LCA,2009,75.83775931
CHE,2016,83.17109413
ERI,2012,61.35054403
IND,2014,68.91972988
COD,2011,57.88760041
MUS,2002,71.67923755
AFG,2015,60.32951348
LBY,2016,72.63664308
MUS,2015,74.12593279
JOR,2009,76.34651794
ARE,2011,80.25767057
VCT,2018,73.17900227
NGA,2007,58.17779892
POL,2001,74.09873292
BRA,2007,73.5789865
ESP,2009,81.32919045
GTM,2015,72.0454314
GIN,2002,55.1808226
ISR,2014,81.37964957
WSM,2002,69.93318688
BEN,2010,61.3045144
BRA,2015,74.711289
SWZ,2011,48.07568339
MDA,2021,69.55780877
BOL,2003,67.7351254
CUB,2020,77.63538969
LVA,2020,75.49885883
MYS,2014,74.64731536
KWT,2016,82.54800559
ERI,2015,62.5177156
BGR,2004,72.48173145
ECU,2013,76.40415478
ZAF,2005,52.03156981
PSE,2006,69.22549809
RWA,2003,52.47567981
LTU,2009,72.78267615
FJI,2012,67.51183712
TUN,2018,77.23195746
BGD,2015,73.19207211
IDN,2021,68.26167935
TON,2017,72.71571833
FIN,2000,77.59494705
SDN,2012,67.58268855
FIN,2020,81.54461744
TUN,2007,75.74953958
CHE,2004,80.94173199
UZB,2019,72.27007322
VCT,2001,71.90344128
NAM,2000,53.02475546
TTO,2011,74.01459781
UKR,2010,70.14904515
LVA,2013,74.12560449
NAM,2011,60.88311335
NLD,2000,78.01203729
BGR,2019,75.0010583
VEN,2008,74.27958667
QAT,2009,72.77133296
SLE,2004,51.79598226
LBY,2020,72.64874878
SRB,2015,75.27946837
SAU,2011,76.13164239
DEU,2013,80.28874618
URY,2005,75.64994667
COM,2003,63.63164331
DZA,2016,76.27818922
GNB,2002,51.04081513
CYP,2002,78.99615853
LKA,2006,73.35813965
NER,2015,59.63358442
SLE,2012,56.36734502
RUS,2019,73.21856487
PHL,2016,69.24553796
ARE,2015,80.71356774
TZA,2021,66.8101483
USA,2005,77.38462128
GEO,2004,70.54094248
NPL,2018,71.10245577
GEO,2013,72.60327856
BTN,2011,72.1269544
COL,2001,72.62895792
IRL,2017,81.60361469
AUS,2020,83.36758916
MLI,2010,58.64806217
KWT,2001,78.81293796
BHS,2005,72.65880067
SSD,2012,59.31057362
MLI,2011,59.04750126
SDN,2001,62.9787096
POL,2009,75.638685
LUX,2005,79.5758462
IRL,2019,81.93976292
LSO,2000,47.38127672
STP,2020,71.25244214
KOR,2005,78.37092125
TKM,2003,65.88787813
PRK,2010,70.02263868
ZMB,2011,58.02295113
NPL,2003,67.3578409
MWI,2002,46.23607096
FIN,2018,81.40768747
KOR,2013,81.68616863
TJK,2003,67.57088192
ATG,2013,75.71757904
SAU,2003,71.30662801
CMR,2007,55.00397444
BIH,2000,75.4599475
TON,2015,72.46352791
VNM,2020,74.77582966
SAU,2015,76.88889936
KHM,2014,68.40636847
TUR,2009,76.34599074
LKA,2019,77.45083261
ARG,2012,76.1760553
TON,2008,72.00245834
ISR,2016,82.22430729
GIN,2015,59.19807943
AGO,2012,59.46233734
GNB,2015,57.5801364
NIC,2020,75.04233435
MDA,2015,71.14655162
ISL,2013,82.07380529
PRY,2005,74.85137666
ZWE,2017,58.23863624
KIR,2009,61.32259565
FSM,2015,65.32541233
SWZ,2019,55.74729385
MWI,2013,60.5549131
DEU,2007,79.79113261
HND,2014,69.52157081
SSD,2007,57.0352965
LKA,2001,72.65351771
PNG,2005,63.68705774
PRT,2001,76.92951203
IRL,2018,81.71153553
SGP,2005,80.54232367
GEO,2003,70.79663901
WSM,2021,70.27372108
DJI,2011,62.33627596
BTN,2007,70.47630807
BGR,2009,73.57651207
TGO,2018,63.07923124
NOR,2020,82.83923455
SYC,2010,73.11877031
MDV,2013,76.29978199
OMN,2016,73.72044163
MOZ,2002,51.47014119
COD,2018,61.4317933
CZE,2003,75.26103133
PHL,2013,69.44796065
SGP,2001,79.14204312
AGO,2016,61.84956314
BFA,2000,51.8877146
DEU,2004,79.02932323
MAR,2021,72.61868352
RUS,2000,65.15997475
GEO,2002,69.8928645
KEN,2016,65.03249549
CAF,2006,46.69775624
BEL,2019,81.60895006
QAT,2004,70.84074247
BHS,2003,72.01356703
GHA,2013,63.58672686
VUT,2015,66.79010699
ZWE,2002,45.11250007
SLE,2011,55.66429433
KGZ,2009,68.88847772
GUY,2012,66.17236525
HTI,2016,62.79654412
BHR,2002,70.59694491
URY,2001,74.92750681
PRK,2006,69.70476861
NGA,2004,56.18946769
SWE,2020,82.08200836
TTO,2000,70.4199372
MMR,2005,61.61985762
TUN,2001,74.55599136
VCT,2004,72.36667565
GMB,2007,61.11617054
PHL,2000,69.97452897
CZE,2007,76.86519129
LSO,2009,47.42048599
UZB,2007,64.796684
GIN,2003,55.63757789
MNE,2019,76.83999351
DEU,2014,80.7599266
CYP,2009,80.92281877
MNE,2003,73.62012454
PRI,2001,76.24165094
NER,2009,57.84177819
DZA,2003,73.27414327
LKA,2002,73.3381305
MMR,2001,59.77708716
SLV,2001,71.7165175
ESP,2007,80.67591348
CPV,2007,73.46976452
LCA,2008,75.53396399
GIN,2017,60.25359445
SLB,2016,65.29462393
IDN,2005,68.2347183
SWE,2008,80.9280163
EST,2020,78.62190265
AFG,2011,59.54863714
LSO,2016,49.94866988
AUS,2002,80.19005718
BHR,2019,76.02945447
BEN,2005,59.21023989
SWE,2021,82.6649092
DJI,2010,62.01403181
ZMB,2005,50.2612912
MDG,2010,62.52359433
TCD,2019,59.37353739
BTN,2004,68.88514264
KHM,2003,61.89363505
TJK,2010,69.92200868
ZAF,2009,55.26976416
DEU,2019,80.97360663
BWA,2013,60.61242628
SLV,2013,74.78717919
CHN,2015,76.5103545
NOR,2017,82.33383151
SSD,2004,55.24391875
BHR,2007,72.38722676
NOR,2005,80.05177352
DOM,2014,73.26353439
WSM,2020,70.19462777
BOL,2018,72.69070111
PRT,2014,80.89996435
BEL,2006,79.23388393
PRI,2003,77.39170794
GBR,2005,78.91215
BOL,2011,70.72011626
SGP,2007,80.58124756
VEN,2003,73.64690409
GTM,2011,71.55408827
LTU,2002,71.6891841
KIR,2011,61.40193967
SEN,2002,59.79580137
PRY,2018,75.22367023
ECU,2008,74.40727021
DEU,2011,80.46331457
SVK,2018,77.19646571
TON,2013,72.30723111
TUN,2011,76.36110917
CUB,2013,78.31147223
LKA,2018,77.17579214
STP,2004,65.71008672
RUS,2012,70.1880117
LBR,2007,59.31134066
IDN,2019,71.40110181
ECU,2004,73.96568777
AGO,2020,62.64827403
JOR,2002,72.9283168
AGO,2001,50.06036648
PER,2010,78.21420603
BLR,2017,74.22729868
UKR,2017,73.00099017
CPV,2002,72.18506527
TGO,2002,56.21544389
ECU,2012,75.807667
COM,2016,67.70212624
JOR,2015,78.50941007
CAF,2015,50.96983096
ATG,2005,75.53604558
FSM,2007,64.36936061
ISR,2020,82.36508912
GBR,2007,79.41525763
BRN,2007,76.66441769
CHL,2012,79.58354937
PAN,2015,78.14484121
UZB,2021,72.18877681
BRN,2006,76.58480393
VNM,2018,73.56096825
GRD,2010,71.08230057
MKD,2021,72.99535604
PER,2013,79.48260244
AFG,2017,60.8752198
KHM,2007,65.07853491
FIN,2009,79.70604252
PNG,2020,66.27049986
MUS,2018,74.02503816
NAM,2019,63.49265302
TLS,2007,66.33184634
SVN,2000,76.05440169
AUS,2009,81.75260531
VEN,2018,72.81771282
AZE,2021,72.9129401
LTU,2006,70.89301238
ROU,2016,75.08359177
WSM,2000,69.60483332
SYC,2009,72.84593273
OMN,2002,72.45728033
VCT,2012,72.98728933
JPN,2011,82.82691604
SOM,2008,50.31128296
MNE,2015,76.86028429
SSD,2020,58.94518456
SYR,2021,72.43803165
BOL,2004,68.28111683
ECU,2011,75.58177801
PRY,2015,75.16683709
IND,2007,66.09434841
BGR,2020,73.48961137
AFG,2018,60.48797975
KOR,2009,80.36278413
SYR,2006,73.37955444
OMN,2012,73.59906631
ZAF,2000,57.11947907
ITA,2021,82.19747411
ALB,2003,74.94215534
IRN,2007,75.56586174
COG,2013,61.42791356
UZB,2011,67.18064136
MKD,2000,72.94763036
NAM,2020,63.75209779
CHN,2013,75.84030781
MYS,2016,74.41949575
GMB,2021,64.21396887
ISL,2010,81.68175374
GEO,2014,72.72305539
BDI,2011,60.40539714
USA,2017,78.50077044
LCA,2016,76.20059158
SWZ,2021,54.59266973
GTM,2005,69.30530428
MRT,2009,68.08446898
PRY,2011,74.93009617
CAF,2001,44.47178561
TUR,2014,76.74876869
KAZ,2018,73.16779578
FJI,2020,67.71119355
CHL,2014,79.93658439
SWZ,2010,46.38823095
GEO,2000,71.06803049
SLB,2006,63.79244472
AFG,2001,53.91018761
NPL,2015,69.77673885
TCD,2004,52.48451206
SSD,2006,56.35280945
GTM,2003,69.39160529
PSE,2010,72.64524424
FRA,2004,80.00018858
RUS,2015,71.29790344
RUS,2014,70.68556822
DEU,2001,78.44285248
SOM,2006,49.82524247
GTM,2006,69.85634314
CAN,2017,81.70954318
NLD,2015,81.28069061
SYR,2019,69.17463554
ETH,2002,53.81305038
ZWE,2007,47.34902637
PER,2006,78.10561579
LAO,2009,63.79585544
COL,2017,77.7944403
IDN,2009,69.0239077
AUT,2013,80.91227276
BFA,2014,60.46448541
VNM,2010,72.48813081
BWA,2008,56.1793813
MDV,2004,71.34887566
MAR,2012,72.78046277
SOM,2015,53.54338351
PNG,2012,65.16940213
VNM,2009,72.41132963
MDG,2018,63.71423448
HND,2018,71.31264864
FRA,2002,79.14448316
MRT,2003,64.83743491
FIN,2004,78.7283427
TCD,2021,59.08581443
LBY,2019,73.54365475
MDG,2020,63.07628383
ARE,2005,79.38497277
SRB,2006,73.38118952
MDA,2008,67.81121548
PAN,2019,78.97361247
THA,2010,75.29127601
SWE,2015,81.74239456
MLI,2021,61.67398609
BWA,2016,62.99012308
PRT,2010,79.74021661
BEN,2014,62.37267295
PSE,2017,75.45369565
SLB,2021,64.79245685
PNG,2009,64.63295489
HUN,2016,76.07385445
PRK,2016,71.62258579
UGA,2011,60.87012607
KGZ,2002,66.25500987
CAF,2000,44.23425766
SUR,2007,72.06527282
PHL,2015,69.51615532
USA,2014,78.80026105
LBN,2005,77.17133641
SAU,2010,74.89591575
GNQ,2008,59.26655739
IRN,2017,77.47896726
COG,2020,63.35937843
ESP,2003,79.41351479
JAM,2003,73.46076447
BRB,2004,74.61548026
DNK,2008,78.63896492
OMN,2017,74.14573276
LBN,2020,77.70116098
AFG,2010,59.00377167
CRI,2000,78.16621895
CHL,2015,80.12508082
BRA,2001,71.80355904
NZL,2006,79.88697688
FRA,2011,81.57719696
BIH,2007,76.26128187
BEL,2013,80.32474948
SAU,2014,77.22323995
IRL,2013,80.71347486
CAF,2013,49.31139043
COL,2004,73.98320442
NZL,2012,81.08807722
BRN,2015,76.55761257
VCT,2002,72.01069433
MAR,2013,72.96566532
KEN,2019,66.50141922
GRD,2009,70.93802753
TLS,2005,65.67751029
GRC,2011,80.35771121
NER,2013,59.22776171
UKR,2007,67.5915603
DNK,2000,76.93482299
CAN,2016,81.74452018
AFG,2002,55.15447775
LKA,2005,73.48476487
TZA,2001,53.52029055
KHM,2002,60.98797015
POL,2016,77.66853135
GRD,2020,75.35142309
MDA,2012,70.25455299
LUX,2007,80.26355488
UKR,2021,70.90674708
GTM,2020,70.95988885
UGA,2006,55.99216305
EST,2008,74.24703915
SUR,2006,71.692617
CIV,2006,54.91662177
KAZ,2003,64.77834271
GBR,2004,78.67634871
KAZ,2019,73.20279408
MNG,2002,63.99267039
HUN,2005,72.84811882
IRL,2004,78.39305519
ISL,2002,80.30310703
IND,2011,67.83941098
HRV,2015,77.60709528
CIV,2016,61.62678525
NGA,2010,59.78799099
MEX,2020,70.94625179
TTO,2008,72.03571655
PRK,2015,71.407681
JAM,2009,72.19787809
EST,2021,77.13131363
CHL,2010,78.83198498
AUS,2005,80.84134964
GMB,2010,62.35679034
RWA,2012,65.68582887
TGO,2015,61.52164894
LKA,2003,73.36803088
COL,2009,75.75932913
EGY,2013,70.47150621
CUB,2019,77.66173555
CMR,2021,61.76934896
ISL,2015,82.12605142
NAM,2004,51.6479279
PNG,2018,66.51753655
IDN,2010,69.23625966
OMN,2009,73.06401823
FJI,2019,67.86595098
AGO,2013,60.21682799
GEO,2007,72.55257679
COG,2017,62.84312978
HND,2020,70.3347631
LBR,2010,60.3582726
CHN,2004,71.93150989
KHM,2015,68.66739766
PNG,2001,63.3735659
CHE,2019,83.47957563
CAN,2012,81.49329928
THA,2017,77.22944399
LBN,2014,78.22558226
POL,2017,77.56192606
TJK,2005,68.16382022
KWT,2000,77.57714875
CYP,2006,79.83910882
PAK,2020,65.84948383
MOZ,2021,57.66202708
PRT,2004,78.12094465
ERI,2017,63.17091217
URY,2014,77.15013883
NZL,2014,81.19298738
TZA,2006,57.81812716
CMR,2002,52.90318218
NIC,2010,77.06996179
VUT,2021,66.3483713
GBR,2014,80.93676029
FIN,2012,80.37588921
COD,2008,56.32188866
PAN,2017,78.33177954
MYS,2005,74.06194883
LUX,2021,82.78028566
BWA,2020,65.16840503
EGY,2000,69.14860157
VEN,2011,74.58939214
VCT,2015,72.79473614
HRV,2018,78.33929688
AZE,2005,67.44595807
TGO,2019,63.64852176
COG,2006,57.53120192
ARG,2009,75.85194237
SDN,2011,67.06889355
ITA,2006,81.06442613
DJI,2008,61.38655907
KGZ,2008,68.29544912
MMR,2015,67.42672255
GAB,2005,59.68914077
BRB,2016,76.32461251
GTM,2008,71.01416309
USA,2013,78.75952758
LBY,2018,73.52909525
LUX,2006,79.91412753
MKD,2015,75.34082067
ARG,2019,77.01582731
SDN,2002,63.22443726
BHS,2015,72.92357543
KHM,2010,66.7359551
LCA,2005,74.35093561
EST,2013,77.02989191
MNG,2016,69.64443247
MWI,2020,63.46287777
PAN,2010,76.99379194
KAZ,2004,65.11633982
GAB,2001,57.70877986
KOR,2011,80.95337202
BGR,2016,74.77317639
MOZ,2005,51.92845833
LAO,2010,64.42237003
WSM,2014,70.13172182
FIN,2013,80.67798392
TTO,2001,70.55567603
GRD,2012,72.68392882
GRD,2016,72.49134059
PER,2007,78.66735579
CMR,2008,55.69426406
DOM,2010,73.80111624
GMB,2017,64.31746247
TTO,2003,70.96473433
MDV,2017,78.16955603
UKR,2013,71.55330688
ALB,2021,76.39089034
ISR,2017,82.38134543
MNE,2017,77.14980899
KOR,2006,78.96689178
LTU,2016,74.70145984
BEN,2007,59.82688455
IRQ,2014,70.22637913
ECU,2009,74.93359345
ATG,2002,74.99067045
MDV,2009,74.43155141
NER,2001,50.89945855
GIN,2005,56.45301837
ESP,2004,79.99552369
DOM,2002,73.59133884
NOR,2016,82.11289124
ARE,2003,78.5604186
CRI,2020,79.99304212
JPN,2002,82.10074471
MLI,2017,61.01919215
RWA,2007,60.82526391
GNQ,2021,61.60542301
GNQ,2000,54.03083545
JAM,2006,74.44972953
CYP,2017,81.86957092
FSM,2013,65.16296685
LAO,2021,68.23189407
MRT,2017,69.81185094
MDG,2009,62.2488395
SVK,2021,74.50941328
TKM,2000,65.56917712
KWT,2012,81.34259433
IRQ,2017,71.60611249
SLV,2018,74.65055232
VNM,2008,72.35184572
SRB,2008,73.82988623
NAM,2014,61.94948428
CAN,2007,80.38195578
MDG,2012,62.96002316
SOM,2009,50.66979598
EGY,2009,69.78931749
BEN,2004,58.86876901
CZE,2005,75.99869845
MRT,2005,65.90883345
BGR,2005,72.47648279
MEX,2011,75.42631561
TZA,2020,67.40275668
SVN,2002,76.50389555
FIN,2010,79.86591036
STP,2021,71.17810896
LSO,2011,49.10182257
HRV,2016,78.28594377
SVK,2003,73.78042489
SDN,2013,67.75900519
BOL,2008,69.78566323
COM,2012,66.39715563
KEN,2005,56.3951405
TCD,2015,57.84629101
KWT,2018,82.93662831
TON,2012,72.2449478
COG,2002,53.80580675
STP,2015,70.55687146
SEN,2018,68.44236378
ALB,2009,75.55770059
SWE,2019,82.71414637
COL,2013,77.2278702
SDN,2015,68.32706556
AFG,2006,56.992143
BDI,2008,57.79081906
SWE,2017,82.0845963
IRL,2007,79.35545225
CUB,2010,77.83366676
UGA,2013,62.71779853
PRT,2003,77.31485554
RUS,2017,72.49941608
SVN,2006,78.04014469
BRB,2020,76.9491323
AZE,2000,65.23458004
KWT,2002,78.20659931
CPV,2012,74.4642814
NZL,2016,81.73038595
OMN,2011,73.21785366
KGZ,2004,66.99096069
VCT,2020,72.74742918
VUT,2002,65.03950977
MOZ,2004,51.81518653
LBY,2011,71.43952101
JAM,2010,73.95794492
UKR,2014,70.89072091
SEN,2006,63.06775371
SLE,2001,50.94581314
HND,2021,68.96309289
BIH,2014,77.17772515
UKR,2001,67.7115647
DJI,2000,59.51993524
COL,2018,77.82372796
HND,2017,71.27116934
BRA,2004,72.50201054
ROU,2010,73.69918195
BIH,2015,76.9957646
DJI,2004,59.74871021
CUB,2001,76.71378311
ITA,2000,79.36611399
MYS,2002,73.78194217
TUR,2012,76.83621576
BLR,2001,68.38068954
BDI,2004,49.43158352
TJK,2012,70.97199509
MEX,2010,74.95254484
GUY,2019,68.73185311
BIH,2021,74.84944487
ETH,2007,59.72840645
HND,2004,70.3400508
KEN,2012,62.61585724
MLT,2013,81.20455704
MLT,2011,80.71689503
LKA,2013,75.82006448
AUS,2013,82.46342447
GAB,2003,58.21558345
CHL,2019,81.02769155
GHA,2004,59.79633543
PRK,2013,70.83607796
CPV,2004,72.44024713
BHS,2016,72.949178
GRD,2007,71.03136798
GAB,2009,61.22876669
ATG,2012,75.66312684
AGO,2011,58.75334146
COL,2011,76.68552906
GNB,2014,57.18296664
PAK,2005,61.99158191
CMR,2006,54.52792524
PAN,2014,77.76557135
CRI,2014,80.47995762
KAZ,2007,65.80148574
CHN,2009,74.38654953
CMR,2005,54.1270059
TZA,2019,66.78631383
BEN,2003,58.45855402
SLB,2020,65.39475136
NER,2020,60.39192551
IND,2003,64.58440423
ITA,2004,80.52668865
GUY,2009,66.08669636
NLD,2020,81.40141308
COM,2017,67.83204139
LBR,2020,63.45657848
YEM,2002,64.16252882
COG,2007,58.25955292
MLI,2016,60.63666584
RUS,2001,65.100666
GTM,2014,71.9774007
MDG,2007,61.67182144
SRB,2007,73.57700553
MOZ,2018,57.94330191
TGO,2020,63.84914267
MNG,2011,67.30366439
KHM,2021,68.92399972
IND,2021,67.30780612
BDI,2002,46.77202104
MMR,2020,68.86849549
BIH,2012,77.27133436
ITA,2009,81.5215304
SAU,2000,70.56634565
DJI,2009,61.71487892
LSO,2015,48.83813559
DZA,2006,74.34609406
SLB,2013,64.84559966
NOR,2003,79.39711298
MKD,2013,75.43073243
NIC,2005,75.7199093
TTO,2021,71.70712647
LSO,2014,48.68389714
ETH,2013,65.91159894
KOR,2012,81.13219539
POL,2006,75.11534037
FSM,2018,65.82693994
GRC,2020,80.6317386
SVK,2016,77.15076737
TUN,2014,76.6974822
ZWE,2020,59.40476255
BTN,2005,69.36895355
IRL,2011,80.38545702
KWT,2003,78.76242947
SOM,2021,53.95143945
GEO,2018,73.81278834
ARM,2017,75.18435169
BRN,2020,76.76421584
CAF,2009,48.86668457
GTM,2010,71.06943555
HTI,2021,62.4563858
SVK,2010,75.44924081
BLR,2011,70.57181476
NLD,2018,81.8952079
URY,2013,76.7019772
AFG,2005,56.79050349
COL,2003,73.54484514
KHM,2011,67.25370356
ARM,2003,71.70802942
ROU,2019,75.4603753
TJK,2014,72.02059888
AZE,2016,73.96997105
NAM,2002,51.74325949
BIH,2017,77.24910311
EST,2002,71.18420468
BIH,2008,76.76846848
DNK,2020,81.36821984
POL,2002,74.45428635
BLR,2021,73.12324771
COD,2017,60.84101636
ERI,2013,61.71601531
SVN,2007,78.21314391
BDI,2012,61.17471181
KOR,2003,77.4435747
COL,2007,75.19865773
TLS,2001,63.41630684
URY,2019,77.01365627
SAU,2017,76.74293531
MKD,2002,72.91273812
PRT,2016,80.90466136
LBN,2017,79.03043282
GRD,2017,72.61647079
KEN,2015,64.29968929
SGP,2006,80.98074622
ALB,2012,77.34194982
VCT,2016,72.98153488
LTU,2012,73.83806492
COM,2011,65.80471815
ISR,2015,81.91113219
MDA,2009,68.02716399
COL,2021,74.53297363
ZAF,2021,61.49918805
JOR,2012,77.13092988
PHL,2005,69.36187224
VEN,2016,72.39034431
NIC,2021,75.02796138
UKR,2002,67.49385199
COM,2015,67.42647275
COG,2014,61.64003199
NIC,2001,76.09169207
BWA,2021,61.23119159
SUR,2010,72.79506364
NGA,2021,63.3974984
BGD,2004,67.36950715
LTU,2005,71.1036825
LKA,2021,77.22895472
TUN,2000,74.30098477
CZE,2008,77.1537423
CMR,2013,58.1602222
MOZ,2003,51.67123667
DNK,2012,79.96581949
NER,2017,60.22725166
TUR,2004,75.833599
PRK,2004,69.49692995
FSM,2009,64.68062183
MMR,2010,64.64371806
SWZ,2006,42.74148839
EGY,2016,70.7024138
DZA,2021,75.97765182
SWZ,2000,46.7774174
IRL,2005,78.82008327
CZE,2010,77.55051822
PRK,2020,72.37904945
ARG,2000,74.28695107
KIR,2005,61.01859221
URY,2012,76.40566239
MAR,2019,73.7488551
SWE,2004,80.35214323
NGA,2020,62.83540426
SSD,2001,52.94166517
OMN,2003,72.75427676
ARG,2015,76.5300965
CAN,2019,82.0216251
LBY,2009,74.13441802
CAF,2011,49.46797321
CAF,2021,52.30772755
TLS,2000,62.86576561
CUB,2008,77.87743841
COG,2012,61.21875153
VEN,2019,72.71401189
VUT,2005,65.24030241
ECU,2018,77.46907136
SLV,2003,73.05229991
EST,2012,76.40758544
MYS,2015,74.27826363
CYP,2016,81.7149767
NZL,2021,82.20149177
MLI,2013,59.37937448
ZMB,2002,45.80351415
BRN,2012,76.89700471
EST,2001,70.85470275
CHN,2018,77.14021145
BHR,2004,70.9253368
CRI,2017,80.19506162
BOL,2019,72.91976198
RWA,2017,67.42986245
MUS,2001,71.43968836
MYS,2008,74.19396011
KIR,2018,60.74880481
AFG,2007,57.2548387
NER,2012,58.92187052
ERI,2001,56.20141934
POL,2018,77.56054122
BRB,2008,75.50932099
KGZ,2018,73.2888512
JPN,2001,81.84225924
PRY,2021,70.27080999
TLS,2018,68.36839208
DZA,2019,76.54768313
STP,2013,69.94836441
BWA,2018,64.53046521
KOR,2014,82.15999534
DZA,2004,73.76320427
KHM,2009,66.28526249
FRA,2012,81.57752501
BLR,2018,74.34647413
GNB,2006,52.75265393
SVK,2015,76.59625031
TCD,2016,58.31677511
GAB,2006,60.2987489
KOR,2016,82.73176167
ISR,2006,79.95901874
IND,2008,66.42718453
PER,2015,80.33747677
QAT,2002,70.33186981
MWI,2010,56.87054565
FJI,2017,67.87169424
HND,2002,70.08108435
KEN,2014,63.63694431
IRL,2001,77.04413457
SLE,2017,59.15812369
GAB,2002,58.05614161
TGO,2016,62.01053382
NIC,2002,75.92476263
SRB,2019,75.91665371
THA,2009,75.05244639
SLE,2008,53.55359388
BRN,2019,76.67529662
DZA,2012,75.63920415
THA,2014,76.7567559
GHA,2021,66.10178519
IRQ,2013,71.2340952
UKR,2004,67.43010343
ARE,2001,78.27568092
UKR,2000,67.55459596
IRN,2004,74.56900109
CAN,2002,79.42214804
MNG,2006,65.78316962
GTM,2002,69.34050502
SUR,2018,73.08581977
MAR,2018,73.60592779
IND,2016,69.7812294
LBR,2000,53.27371266
SGP,2010,81.76163848
VEN,2004,74.41023981
CUB,2012,78.42125643
HUN,2019,76.33548535
CHL,2017,80.65876294
SLB,2001,63.45373664
UKR,2008,67.905744
CRI,2008,80.2939043
SWZ,2020,55.96824586
DOM,2016,73.33430363
KWT,2014,81.88077916
USA,2020,76.89250856
PRI,2011,78.60025958
SDN,2005,64.87410418
SYC,2008,72.66235739
ATG,2010,75.57823922
LCA,2019,76.11613744
SGP,2013,82.36588027
PAK,2014,65.39254995
CIV,2004,52.80209302
AZE,2014,72.71925019
PNG,2006,63.77212081
SGP,2011,81.96030215
MLT,2019,82.14647613
GBR,2015,80.65863594
IRN,2018,77.69013655
BDI,2017,63.68241574
COM,2008,65.33611843
SGP,2012,82.21523479
MDA,2018,72.90339608
BGR,2003,72.29415331
CUB,2005,77.20755679
GNB,2018,58.6003654
VUT,2008,65.68985149
RWA,2021,67.54213882
ATG,2000,74.39228457
VNM,2011,72.61270345
PRI,2008,78.51538133
FIN,2015,81.19884704
GNB,2019,58.97631495
ECU,2010,75.14738891
PRK,2005,69.62778426
NOR,2019,82.65752051
SVN,2021,80.41495666
SLB,2010,64.36844431
ISL,2018,82.37332681
SLB,2008,64.05632367
HRV,2002,75.01293534
JPN,2016,84.15707196
BLR,2012,72.11133932
TGO,2010,59.15723761
GRD,2004,70.40655547
GMB,2016,64.05468717
AUT,2009,80.12103248
AUS,2007,81.37282665
GRD,2015,72.54736101
LBR,2011,60.73430361
IRN,2006,75.20305104
UGA,2008,57.97310088
MNG,2000,63.19839599
BGR,2006,72.62332365
BRB,2009,75.90513677
ATG,2011,75.62067241
GHA,2016,64.70727537
COD,2001,52.99713016
AZE,2017,74.6254737
CMR,2019,62.02612874
TTO,2019,74.09327397
PAK,2001,61.67754226
MMR,2012,65.86631653
RUS,2021,70.017337
RUS,2009,68.55662333
NAM,2007,56.83641554
USA,2016,78.55677254
SLE,2021,61.0228635
TZA,2014,64.69269786
ERI,2010,60.44258181
VEN,2002,74.25516144
CAF,2018,52.13733768
HND,2010,70.83426628
ROU,2006,72.58593443
NLD,2001,78.21818271
UGA,2019,66.0878394
LUX,2008,80.56515483
MDG,2013,63.11657152
KIR,2003,60.80039427
EGY,2004,69.18228637
UGA,2021,65.98577935
BEL,2004,78.79615664
SDN,2009,66.44393468
CHE,2003,80.40439825
RUS,2006,66.48842347
DZA,2011,75.4488721
BHS,2021,70.43274063
FSM,2006,64.28893329
MRT,2011,68.79857098
KAZ,2006,65.42456634
PSE,2021,73.49178033
ESP,2010,81.693057
KAZ,2021,70.27511981
DNK,2021,81.18400442
BRB,2015,76.29023437
CIV,2011,57.55420401
PRK,2003,69.38323785
ZMB,2008,55.35570144
AUT,2011,80.73795859
BOL,2017,72.44784311
NPL,2006,68.54567896
KEN,2003,54.91168271
SWE,2007,80.77300072
CHE,2018,83.28963498
ISL,2021,82.57766731
ROU,2020,74.09623224
BHR,2003,70.65076259
MYS,2020,76.78965822
MOZ,2008,53.06339796
LKA,2017,76.91196371
HTI,2001,57.13290254
TGO,2004,56.74808404
DNK,2018,80.82345271
BRA,2013,74.42169527
PNG,2003,63.55882521
LCA,2011,76.24846107
SUR,2003,70.50252643
MDG,2004,60.11149963
ZWE,2015,57.4934476
OMN,2018,74.96470035
FJI,2004,67.12182465
NPL,2011,69.60828031
AUT,2016,81.38820091
UGA,2007,56.83050321
GIN,2004,56.03427492
NGA,2014,61.37523759
TON,2003,71.25830559
MMR,2008,56.90830711
MLI,2004,55.6927022
IRN,2003,73.34953209
JAM,2004,73.7183442
BHR,2017,75.71095601
MRT,2016,69.65770027
HUN,2006,73.37194198
RWA,2019,67.75562916
MWI,2016,62.19781015
EGY,2010,69.83444177
AUT,2003,78.62740132
SOM,2000,49.28203144
BHS,2002,71.58107452
FJI,2011,67.39745191
HTI,2020,63.41051389
HND,2001,69.91583233
BFA,2020,62.92621842
TZA,2004,55.69111865
GNQ,2013,60.96850359
LBY,2006,74.61102298
PER,2004,76.9955842
GHA,2017,65.08594377
LBR,2004,56.44158136
VUT,2010,66.08385743
BIH,2020,75.70792926
ZAF,2015,63.26267522
DOM,2008,73.27970118
SUR,2017,73.2092718
EST,2000,70.96926531
COD,2007,55.97784827
JAM,2017,72.33086714
BRA,2016,74.56188231
MRT,2002,64.15779119
BRB,2005,74.96322109
TCD,2002,51.79475115
GEO,2009,71.32156688
SSD,2011,58.95406766
CHE,2002,80.41025592
SGP,2004,80.33727579
LBN,2019,79.28679608
SAU,2018,76.81092084
CZE,2015,78.48257933
MRT,2021,68.86843813
CIV,2017,62.27592918
ZMB,2013,59.35535185
EST,2011,76.28720152
MDA,2014,71.10984715
LBR,2017,62.62958569
GUY,2018,68.74661773
SLE,2003,51.5179057
GNB,2005,52.21818539
YEM,2010,67.95702862
BLZ,2010,73.60567774
MOZ,2007,52.58518387
PRT,2007,78.95554595
AUT,2001,78.64264138
LBY,2014,72.6011445
MWI,2004,48.06087588
CHE,2011,82.36855875
COD,2020,62.03594732
YEM,2011,68.13030665
TUN,2010,76.21500138
STP,2002,64.65366231
COM,2000,62.03733666
MAR,2001,70.45857649
DJI,2019,65.43875202
NGA,2008,58.74901559
BLZ,2002,71.34369042
COD,2004,54.34409074
EGY,2017,71.25138812
BEN,2012,61.81459199
EGY,2020,70.12068297
FRA,2003,79.09102734
BGR,2011,74.07018001
MEX,2021,70.83258685
SLV,2020,72.06392712
ECU,2007,74.34691701
FJI,2010,67.3135839
BLZ,2016,74.39638983
LUX,2002,78.80641336
CRI,2013,80.59788537
MDG,2011,62.75965875
NER,2006,55.74288168
BOL,2002,67.18430642
SGP,2018,83.50811882
THA,2015,76.97043175
ITA,2016,82.86744999
MMR,2016,67.8624826
ZAF,2006,52.10797353
SYC,2018,73.08090426
PRT,2002,77.14647451
BRA,2002,72.03662703
NOR,2011,80.96925391
ARE,2021,78.30645695
COM,2007,64.77430676
DNK,2003,77.31785032
SEN,2007,63.89029063
GNB,2008,54.20231863
LAO,2020,68.74340275
GNB,2017,58.3521892
NPL,2008,69.03486842
LTU,2020,74.89538008
SYR,2016,60.12484476
SYR,2017,59.23626681
BDI,2010,59.59915923
GRD,2000,71.59448817
MAR,2005,71.23383994
YEM,2020,66.51267259
KAZ,2005,65.06712568
UKR,2003,67.52472284
THA,2021,75.29014364
CHE,2014,82.84919576
ECU,2014,76.8969622
FIN,2017,81.32143707
USA,2002,76.84998093
CAN,2004,79.85004413
KIR,2015,61.68537375
CIV,2018,62.90790762
IND,2013,68.51609058
ZAF,2014,62.78312708
GUY,2020,66.93943966
LTU,2018,75.75173506
HUN,2021,74.39546955
PRI,2009,78.42308292
BRB,2011,76.02367426
CZE,2009,77.27519564
KIR,2007,61.1868882
SSD,2017,58.88284459
FJI,2003,66.62544107
YEM,2012,68.26819831
IDN,2003,67.84714276
CIV,2020,63.31088991
JOR,2021,75.64973596
MLT,2020,82.01477782
SSD,2016,59.18616055
HTI,2013,61.91874198
PAN,2011,77.51683567
TKM,2018,69.07787312
MUS,2012,73.69029649
CYP,2019,82.17744701
USA,2001,76.75000279
BLR,2004,68.80163482
SYC,2001,72.22760033
SWE,2005,80.4243719
ARE,2012,80.30618497
AUS,2011,81.93172968
EST,2010,75.84300326
BLR,2010,70.35076033
ETH,2017,68.0726745
NIC,2000,76.18011127
ITA,2011,81.82897949
LUX,2019,82.80168339
VNM,2006,72.23737668
MWI,2000,44.64126346
TJK,2011,70.42452045
PRI,2004,77.47011967
POL,2019,77.72984544
SAU,2002,71.0757645
NAM,2008,58.62203403
PSE,2016,74.99064876
TGO,2012,60.30947123
MDV,2012,75.84622735
BHR,2011,74.19533253
JPN,2010,83.08330199
CUB,2000,76.74758667
LCA,2000,73.2192679
MDV,2019,75.44939578
TUN,2002,74.75755844
RUS,2020,71.37748039
LKA,2000,71.51130083
COG,2016,62.56582962
GEO,2001,71.59125705
CIV,2003,52.20445217
IRQ,2021,71.46632369
GNB,2011,55.96327117
LTU,2001,71.51538807
ERI,2011,60.90743675
TJK,2001,66.35716048
BRB,2017,76.33626177
TZA,2016,65.60342077
MEX,2000,74.21831002
DJI,2014,63.51525954
JOR,2019,79.7854181
GTM,2004,69.65899192
LVA,2012,73.86536335
HND,2005,70.54437222
BRB,2000,74.60503157
CMR,2000,52.95852821
TZA,2008,60.43730538
PAK,2003,62.14630981
PRI,2018,80.71857467
PAN,2000,76.15178489
SUR,2021,69.78412349
PRK,2019,72.31891378
COG,2015,62.05475682
CZE,2011,77.78639074
SLV,2005,73.40349475
GRC,2013,80.77961776
MDA,2006,66.7168869
KGZ,2016,72.67043609
TZA,2002,54.24829544
UGA,2020,66.29850916
KIR,2019,62.13784891
BRN,2002,75.90522385
OMN,2013,73.91615999
GUY,2015,66.95276619
MWI,2015,61.82512095
HRV,2004,75.62048664
AGO,2004,52.3558271
SVN,2015,80.46318817
CPV,2008,73.93039416
BGR,2001,71.85118008
RUS,2005,65.18978014
GBR,2003,78.14795765
TTO,2006,72.20904818
CIV,2000,51.16878476
SLE,2018,59.8662114
KWT,2019,82.50221054
GRC,2012,80.23315335
POL,2000,73.69538073
EST,2015,77.63428878
NIC,2018,78.45090354
CAF,2008,48.29879732
JPN,2006,82.59216336
ETH,2020,68.79596101
URY,2002,75.11068373
NER,2008,57.32288169
GHA,2014,63.96496972
AUT,2012,80.71875852
PRI,2016,80.23535619
GAB,2011,62.08769123
SGP,2021,83.85708962
GNQ,2014,61.53172347
LBN,2010,77.96731586
LBR,2005,57.55945739
GNB,2021,58.62801846
SSD,2015,59.27637583
TJK,2021,71.814877
ROU,2015,74.90936922
BHR,2021,74.38371772
BOL,2015,71.94895895
QAT,2001,70.31526721
MYS,2004,73.82138244
NPL,2014,70.19243321
VNM,2013,72.83984641
MNE,2012,76.17609575
ROU,2009,73.44267621
CAF,2019,52.93260744
BGR,2002,72.11466914
TUN,2009,76.07616117
SDN,2017,69.04016145
URY,2004,75.26030661
EGY,2006,69.56785371
PRI,2005,77.60317033
LAO,2014,66.43037564
CIV,2005,53.84685304
KAZ,2010,68.51031045
AZE,2019,75.79966602
LBY,2005,74.01467345
SWZ,2014,50.93411451
POL,2020,76.38788167
KGZ,2015,71.54340028
GMB,2013,63.42180565
ZWE,2010,51.41783245
AGO,2005,53.34585395
BDI,2006,54.95514765
BFA,2006,55.97968949
TJK,2015,72.37216019
AGO,2018,62.27158067
AUS,2018,83.02313357
GTM,2009,70.84468993
BGD,2019,73.94958231
AUS,2015,82.287472
AUS,2008,81.32192176
RWA,2013,66.2811484
PER,2003,76.35423675
SOM,2003,49.50039991
RWA,2001,48.33271376
MMR,2007,62.77565744
TON,2001,71.21713536
IRQ,2015,71.00605468
MWI,2006,50.92538724
CHE,2012,82.39224777
SEN,2003,60.79093407
KGZ,2011,69.54394591
SUR,2016,73.09259708
BLR,2016,73.8924593
HTI,2004,57.54298421
GAB,2014,63.76784225
STP,2011,69.19904607
TLS,2012,67.450997
CRI,2018,80.28882351
VNM,2021,73.7965773
LBY,2021,72.17844009
JOR,2017,79.14251842
ARE,2016,80.78348374
NOR,2001,78.74570455
GUY,2002,64.62860972
IRL,2012,80.49448401
SOM,2020,55.12925544
JAM,2018,72.51790169
MKD,2010,74.84175417
AZE,2004,67.38631087
NAM,2010,60.12459181
LTU,2015,74.36612877
CYP,2012,81.61972744
FSM,2005,64.2139938
PER,2021,71.66727055
STP,2016,70.89699364
NZL,2018,81.75540508
IRL,2003,78.02379273
TZA,2011,62.26370092
ZAF,2001,55.86714584
BGD,2010,70.06425679
SYC,2016,73.07491735
ARE,2007,80.5952165
GRD,2018,72.78877041
DOM,2001,73.59849431
DEU,2021,80.49140555
SRB,2001,72.28188573
POL,2004,74.76713155
ZAF,2002,54.31987896
AUT,2010,80.39157197
PRY,2013,75.03958612
VCT,2011,73.21012386
NOR,2014,81.82844761
PAK,2008,63.66141289
USA,2019,78.73923827
NGA,2019,63.06578367
UZB,2010,66.71556004
TJK,2016,72.72427435
POL,2013,76.86531254
FIN,2005,78.98273143
GRC,2005,79.40149641
QAT,2003,70.55987989
MAR,2011,72.57738576
SYC,2013,73.28849847
ZAF,2013,62.08498269
MEX,2013,75.92944746
GHA,2018,65.51554359
CHN,2017,76.94625698
FJI,2008,67.02758771
PER,2014,80.00001335
CHE,2015,82.58994495
LAO,2011,65.03889894
AUT,2005,79.32619587
EST,2018,78.3489275
GUY,2013,66.2421095
CUB,2017,77.65330792
CHN,2014,76.19910536
GEO,2017,73.50475808
LVA,2021,73.20251724
LUX,2016,82.55544194
SAU,2006,72.03628203
GUY,2006,65.30397068
URY,2009,76.67128798
PRK,2014,71.13791927
SVK,2004,74.14711692
IDN,2015,70.53899644
CUB,2004,77.44558258
SLB,2011,64.51306313
QAT,2012,74.98566602
NAM,2006,54.69956495
PRY,2009,74.78626703
PAK,2012,64.82124843
PRT,2017,81.14657369
BLZ,2007,73.05180238
PRK,2011,70.26241873
TLS,2014,67.48250838
MWI,2014,61.34710538
LAO,2007,62.60763355
USA,2015,78.61058161
CUB,2011,78.52888871
CPV,2005,72.6194338
LAO,2006,61.98382706
BGR,2012,74.28202002
MYS,2000,73.01343106
JAM,2021,70.1439437
LUX,2004,79.25868688
BGD,2001,65.95954098
ROU,2013,75.00346495
EST,2019,78.89055582
MEX,2006,75.33649525
GNQ,2006,57.74387549
QAT,2000,70.38243907
MWI,2019,63.22930485
KOR,2008,79.90917941
BLR,2019,74.8186819
GIN,2009,57.8555884
UGA,2018,65.71888649
NLD,2016,81.34048104
OMN,2001,72.18472491
IDN,2008,68.84079087
UGA,2009,59.05814244
SRB,2020,74.43296608
DOM,2006,72.80245873
CIV,2014,60.06789432
IRQ,2001,69.81029867
DZA,2018,76.4358357
BLR,2014,73.15346125
DOM,2015,73.29460988
ERI,2018,63.47224104
LVA,2019,75.68490068
DEU,2003,78.45648391
BLZ,2011,73.84911498
POL,2014,77.47281866
PRY,2006,74.82171264
DNK,2011,79.68812406
AUS,2000,79.69831946
PHL,2001,69.62976888
PRY,2017,75.34684774
CZE,2018,78.89195159
TZA,2005,56.55203228
GNQ,2017,61.20572328
PRT,2018,81.06316039
SVN,2012,79.89107651
AUS,2017,82.67971308
IRQ,2011,71.39863224
CPV,2006,73.4096215
HRV,2006,76.02870627
CUB,2021,73.67333077
LVA,2003,70.55494078
GBR,2017,80.92411386
TON,2002,71.2515614
IDN,2006,68.40129097
ESP,2017,82.67579627
LAO,2004,60.73825821
HUN,2014,75.777258
TUR,2011,76.69522957
KGZ,2001,66.68305593
MYS,2009,74.01457452
SGP,2002,79.33785577
BLZ,2004,72.03089544
NLD,2004,79.09591855
BRA,2010,73.92337469
SVN,2001,76.22393944
ISL,2007,81.14698057
RWA,2014,66.67115526
JOR,2013,77.52470069
IRQ,2003,68.91366628
GIN,2000,54.19541328
BLZ,2013,74.31081667
ARM,2015,74.27859114
TUN,2012,76.52515319
CAN,2015,81.64860674
SYC,2003,72.02646689
KAZ,2012,69.67761395
FIN,2001,78.01784738
THA,2005,72.83579766
SLV,2008,74.41041249
ECU,2002,73.16724011
NPL,2020,70.98964531
KHM,2006,64.39387062
SGP,2016,83.24199269
ISR,2008,80.42212771
TCD,2020,59.21180605
SYR,2007,73.62412875
SVK,2008,74.82525921
ISR,2001,78.80591438
WSM,2012,70.27478818
TUR,2016,76.66589183
MRT,2015,69.45426817
BDI,2020,64.59433751
TCD,2003,52.10728656
TGO,2014,61.08981314
CYP,2004,79.27834154
NLD,2010,80.68591395
PRT,2006,78.74114417
CAF,2007,47.39415912
ETH,2004,55.83373985
AUS,2004,80.75565777
CAF,2020,53.07817181
DOM,2017,73.41062894
LCA,2007,75.22231763
TJK,2009,69.34531105
BLZ,2009,73.6700987
CRI,2019,80.30073211
MDA,2011,69.82070445
GUY,2001,64.66515946
KGZ,2017,72.80933995
GHA,2003,59.53762932
SWE,2001,79.66920996
SOM,2017,54.18246164
TJK,2017,73.18915767
BDI,2013,61.79608792
GRD,2003,70.832783
CAN,2006,80.37081942
KEN,2018,66.06922549
PRY,2014,75.31468858
BFA,2018,62.36096547
NZL,2010,80.9444522
IRN,2002,74.01828515
COM,2002,63.12089097
JPN,2003,82.14025197
NLD,2011,80.95610777
DOM,2011,74.02906414
MLT,2018,82.26456738
DNK,2019,81.27895276
GHA,2007,60.66755486
MRT,2020,68.92697523
GBR,2008,79.53700634
LSO,2001,47.97132353
ZAF,2012,60.81522121
MNG,2003,64.44695031
NPL,2010,69.47191971
LBN,2021,74.34207035
BTN,2015,73.07489389
LBN,2011,77.97377185
BLR,2007,70.20054242
ARG,2005,75.25530861
ESP,2008,80.97341639
LUX,2017,82.70166924
DNK,2010,79.16903741
BHR,2020,74.85398109
CAN,2011,81.40188658
IDN,2007,68.63781807
MDA,2004,66.63893532
ISR,2012,81.57002049
KWT,2020,78.76948984
VCT,2009,73.56239685
FJI,2005,67.08454719
PNG,2021,65.48786529
ECU,2001,73.06545756
IND,2010,67.480793
DNK,2007,78.29892667
CHL,2018,80.96185803
PRY,2012,75.12046624
ALB,2015,77.76638448
PAN,2006,76.72660117
DNK,2017,80.94104357
MOZ,2020,58.6314583
SOM,2014,53.08816189
NER,2003,52.7806989
NGA,2005,56.9174905
MUS,2004,71.98706152
ARG,2016,76.12474817
AZE,2018,75.13145241
JAM,2001,72.14321688
CRI,2004,78.67775018
SAU,2009,73.90009021
BLZ,2019,74.86586064
RWA,2018,67.62644841
SYC,2012,73.25421096
DZA,2008,74.83898594
TLS,2013,67.45652515
CRI,2010,79.51380421
COM,2009,65.01480079
ESP,2021,82.66267258
CHL,2016,80.46247256
BHS,2020,72.61586296
SVK,2011,75.93326104
ZMB,2019,61.76313302
UKR,2006,67.7845536
AFG,2004,56.47652053
GUY,2004,64.85780334
NLD,2021,81.12478594
TGO,2007,57.69120242
GTM,2018,72.72918484
CYP,2005,79.53715992
ARE,2004,78.88949949
ESP,2014,82.58446278
DOM,2019,73.91314074
BEL,2020,80.77564866
SWE,2000,79.57418828
HUN,2003,72.45014443
PAK,2007,63.38445782
DNK,2004,77.68985024
SVN,2018,80.95873943
AGO,2019,62.49147407
TTO,2004,71.34856579
CMR,2011,57.25716759
LVA,2007,70.75226957
MNG,2015,69.246045
CHN,2001,71.13400253
ETH,2006,58.32029564
QAT,2017,78.5144035
ZWE,2000,45.74529001
IRL,2002,77.48003704
GAB,2007,60.67060002
BLZ,2021,73.32055336
MMR,2003,60.64224077
CUB,2003,77.44238196
BDI,2003,47.93043118
SLB,2019,65.67290557
BLR,2008,70.33830973
TTO,2020,73.63599489
LBY,2001,73.7423441
VEN,2007,74.52946535
SYR,2004,72.88238933
LSO,2019,51.77851899
HRV,2011,77.21146034
JPN,2012,83.32740995
LSO,2003,45.64538324
BLZ,2015,74.30568158
CMR,2018,61.3869156
STP,2006,66.784757
SOM,2013,52.50391976
CMR,2015,58.9843954
TON,2010,72.11458049
COG,2005,56.51057672
BOL,2020,67.11714577
IRN,2008,75.92719356
KHM,2013,68.09456793
TKM,2006,65.67349206
BWA,2001,46.70431922
CAN,2014,81.59103957
KOR,2010,80.53713356
KOR,2015,82.40187033
NER,2005,54.754071
SYR,2014,60.24065156
CHN,2002,71.4546616
MKD,2012,74.93753664
IRL,2015,81.13790588
GRC,2017,80.69403193
RUS,2004,65.14346957
BLR,2009,70.47736788
IRN,2013,77.19669632
SLV,2017,73.71813956
VCT,2007,73.25297188
UGA,2004,53.13418916
IRQ,2002,70.04461594
GTM,2007,70.68269963
TTO,2016,73.83467512
TLS,2020,68.91671885
BRA,2012,74.28196582
MLT,2005,79.12587951
BTN,2019,73.93027807
GAB,2010,61.73354089
ARE,2009,80.73659279
NZL,2020,82.5016081
TUN,2004,75.17294716
SLB,2017,65.4106128
VEN,2012,74.44482492
BEL,2003,78.11449295
SWZ,2017,53.80924436
EGY,2002,68.85252001
MNE,2010,75.71790981
BHR,2005,71.32084892
PER,2012,79.02001015
CYP,2011,81.38772648
YEM,2001,63.62361632
PAN,2013,77.6523099
SAU,2020,76.05844679
LBN,2013,78.16479469
HUN,2000,71.36114531
CAF,2002,44.77185837
TKM,2001,65.9484733
BTN,2000,65.98956136
HUN,2009,74.22416063
COD,2006,55.48457469
MKD,2004,73.62319794
CAN,2003,79.5801332
TGO,2000,56.07824585
IRL,2009,79.53106576
SWZ,2015,52.11336327
TUN,2016,76.91365109
PER,2019,78.29293866
ECU,2000,72.58843233
KWT,2009,79.20188159
VNM,2014,72.95094965
COG,2010,60.60462815
WSM,2007,70.4708852
ARM,2006,72.0117653
BGD,2005,67.78759761
BRN,2014,76.65808603
VCT,2019,73.10795228
MLI,2020,61.46815324
MYS,2017,74.40097684
USA,2008,78.0493345
MDV,2000,69.82223985
BEN,2013,62.11743236
CIV,2015,60.9342411
ALB,2011,76.61868023
USA,2004,77.3972613
MLT,2010,80.4834984
BLR,2020,73.01027649
GRC,2007,79.45113677
MNE,2006,74.28740727
BGD,2018,73.67380343
DZA,2015,76.06909233
IRN,2011,76.87171379
