iso_code,year,location,total_cases_year,total_deaths_year,max_stringency_index,population,life_expectancy,max_total_vaccinations,max_people_vaccinated,max_people_fully_vaccinated,total_daily_vaccinations,num_vaccine_types,death_rate_per_100k,vaccination_rate
AFG,2020,Afghanistan,51848.0,2158.0,84.26,41128772,59.12690224,,,,,,5.246935162566974,
AFG,2021,Afghanistan,106054.0,5194.0,56.02,41128772,59.12690224,4674518.0,4142857.0,3753224.0,4697205.0,4.0,12.628628931590761,10.072892523997556
AFG,2022,Afghanistan,49420.0,493.0,19.44,41128772,59.12690224,5751015.0,5082824.0,4420127.0,1044793.0,4.0,1.198674251689304,12.358316946589119
AFG,2023,Afghanistan,23053.0,128.0,,41128772,59.12690224,,,,,,0.31121765561101605,
AFG,2024,Afghanistan,4839.0,25.0,,41128772,59.12690224,,,,,,0.06078469836152658,
AGO,2020,Angola,17149.0,400.0,90.74,35588996,62.13113467,,,,,,1.1239429176366762,
AGO,2021,Angola,53993.0,1346.0,71.59,35588996,62.13113467,11615144.0,7685417.0,3929727.0,11483683.0,1.0,3.7820679178474155,21.594925015586277
AGO,2022,Angola,33928.0,183.0,71.51,35588996,62.13113467,17535411.0,11235059.0,5993792.0,5951864.0,1.0,0.5142038848187793,31.568912480700494
AGO,2023,Angola,1858.0,8.0,,35588996,62.13113467,,,,,,0.022478858352733524,
AGO,2024,Angola,553.0,0.0,,35588996,62.13113467,,,,,,0.0,
ALB,2020,Albania,55380.0,1134.0,89.81,2842318,76.39089034,,,,,,39.897013634646086,
ALB,2021,Albania,151841.0,2053.0,63.89,2842318,76.39089034,2316606.0,1141486.0,1031132.0,2316457.0,4.0,72.22977865249419,40.16039021671748
ALB,2022,Albania,125449.0,409.0,46.3,2842318,76.39089034,2754244.0,1278902.0,1215199.0,432523.0,4.0,14.389663647769181,44.995035741954275
ALB,2023,Albania,1926.0,8.0,,2842318,76.39089034,,,,,,0.28146041364829694,
ALB,2024,Albania,451.0,1.0,,2842318,76.39089034,,,,,,0.03518255170603712,
ARE,2020,United Arab Emirates,200892.0,655.0,89.81,9441138,78.30645695,,,,,,6.937722973649999,
ARE,2021,United Arab Emirates,548638.0,1501.0,62.04,9441138,78.30645695,22406584.0,9881456.0,9059559.0,21776110.0,5.0,15.89850715030328,104.66382336536124
ARE,2022,United Arab Emirates,297019.0,192.0,41.67,9441138,78.30645695,24463702.0,9890318.0,9603499.0,1928489.0,5.0,2.0336531464745033,104.75768916840322
ARE,2023,United Arab Emirates,20481.0,1.0,,9441138,78.30645695,,,,,,0.010591943471221372,
ARE,2024,United Arab Emirates,0.0,0.0,,9441138,78.30645695,,,,,,0.0,
ARG,2020,Argentina,1629908.0,47507.0,100.0,45510324,74.56898059,43394.0,43384.0,10.0,31556.0,6.0,104.38730341713234,0.09532782056220913
ARG,2021,Argentina,3930008.0,70323.0,84.26,45510324,74.56898059,78090547.0,38756611.0,33382193.0,77107358.0,6.0,154.5209829752036,85.16004192806889
ARG,2022,Argentina,4331223.0,12294.0,37.42,45510324,74.56898059,96504666.0,40907186.0,36924451.0,19257776.0,6.0,27.01365079273002,89.88550817612285
ARG,2023,Argentina,153818.0,348.0,,45510324,74.56898059,,,,,,0.7646616622637097,
ARG,2024,Argentina,56261.0,191.0,,45510324,74.56898059,,,,,,0.4196849927941625,
ARM,2020,Armenia,157834.0,2768.0,,2780472,72.98458202,,,,,,99.55144306434303,
ARM,2021,Armenia,186647.0,5175.0,,2780472,72.98458202,1626738.0,934028.0,692082.0,1635593.0,5.0,186.11947899493325,33.59242603414096
ARM,2022,Armenia,101102.0,765.0,,2780472,72.98458202,2088962.0,1113472.0,948778.0,443661.0,5.0,27.51331428620752,40.0461504377674
ARM,2023,Armenia,5843.0,67.0,,2780472,72.98458202,,,,,,2.409662819837783,
ARM,2024,Armenia,847.0,2.0,,2780472,72.98458202,,,,,,0.07193023342799353,
ATG,2020,Antigua and Barbuda,155.0,5.0,,93772,76.91527032,,,,,,5.332082071407243,
ATG,2021,Antigua and Barbuda,4074.0,113.0,,93772,76.91527032,121146.0,62283.0,58863.0,123722.0,3.0,120.5050548138037,66.41961353069146
ATG,2022,Antigua and Barbuda,4877.0,28.0,,93772,76.91527032,125386.0,63836.0,61550.0,4275.0,3.0,29.859659599880562,68.07575822207056
ATG,2023,Antigua and Barbuda,0.0,0.0,,93772,76.91527032,,,,,,0.0,
ATG,2024,Antigua and Barbuda,0.0,0.0,,93772,76.91527032,,,,,,0.0,
AUS,2020,Australia,28296.0,920.0,75.46,26177410,83.10183853,,,,,,3.5144806151563506,
AUS,2021,Australia,338311.0,1457.0,78.24,26177410,83.10183853,42580539.0,20444346.0,19755837.0,42349099.0,3.0,5.5658676698726115,78.0991931592927
AUS,2022,Australia,10327434.0,15439.0,55.32,26177410,83.10183853,56242913.0,22202366.0,21200432.0,13722792.0,3.0,58.978332844998796,84.81498360609395
AUS,2023,Australia,1027494.0,6604.0,,26177410,83.10183853,,,,,,25.227858676622326,
AUS,2024,Australia,139626.0,892.0,,26177410,83.10183853,,,,,,3.407518161651592,
AUT,2020,Austria,344732.0,7049.0,82.41,8939617,80.99297519,,,,,,78.85125279975641,
AUT,2021,Austria,907356.0,9538.0,82.41,8939617,80.99297519,16566646.0,6663971.0,6283334.0,16472631.0,5.0,106.69360890964346,74.54425620247488
AUT,2022,Austria,4426257.0,4984.0,55.69,8939617,80.99297519,18131115.0,6812569.0,6588761.0,1659318.0,5.0,55.75182918910284,76.20649743719446
AUT,2023,Austria,403825.0,963.0,,8939617,80.99297519,,,,,,10.772273577268466,
AUT,2024,Austria,274.0,0.0,,8939617,80.99297519,,,,,,0.0,
AZE,2020,Azerbaijan,211764.0,2416.0,96.3,10358078,72.9129401,,,,,,23.324790564427108,
AZE,2021,Azerbaijan,402355.0,5868.0,89.81,10358078,72.9129401,11346166.0,5169382.0,4676520.0,11273809.0,4.0,56.651436685454584,49.9067684178474
AZE,2022,Azerbaijan,211774.0,1722.0,62.34,10358078,72.9129401,13425032.0,5322427.0,4821276.0,2133064.0,4.0,16.6247058575925,51.38431087311758
AZE,2023,Azerbaijan,8361.0,347.0,,10358078,72.9129401,,,,,,3.350042353417304,
AZE,2024,Azerbaijan,1503.0,0.0,,10358078,72.9129401,,,,,,0.0,
BDI,2020,Burundi,809.0,2.0,14.81,12889583,64.00694993,,,,,,0.015516405767354927,
BDI,2021,Burundi,26190.0,12.0,27.31,12889583,64.00694993,7543.0,4010.0,3533.0,7890.0,1.0,0.09309843460412956,0.031110393563546626
BDI,2022,Burundi,25052.0,1.0,26.85,12889583,64.00694993,12166.0,10372.0,9906.0,4260.0,1.0,0.007758202883677463,0.08046808030950264
BDI,2023,Burundi,2515.0,0.0,,12889583,64.00694993,,,,,,0.0,
BDI,2024,Burundi,108.0,0.0,,12889583,64.00694993,,,,,,0.0,
BEL,2020,Belgium,638760.0,19374.0,81.48,11655923,81.5059627,957.0,955.0,21.0,531.0,4.0,166.21592301184558,0.00819325934119503
BEL,2021,Belgium,1409350.0,8818.0,75.93,11655923,81.5059627,21708532.0,8931097.0,8821300.0,21550104.0,4.0,75.65252447189296,76.62282086111928
BEL,2022,Belgium,2631362.0,5048.0,33.89,11655923,81.5059627,25235826.0,9230428.0,9126319.0,3670560.0,4.0,43.30845356476703,79.190880035841
BEL,2023,Belgium,169273.0,1099.0,,11655923,81.5059627,,,,,,9.428682739239099,
BEL,2024,Belgium,24084.0,0.0,,11655923,81.5059627,,,,,,0.0,
BEN,2020,Benin,3205.0,44.0,70.83,13352864,64.01268515,,,,,,0.3295173230252326,
BEN,2021,Benin,21730.0,117.0,50.0,13352864,64.01268515,1773592.0,1699784.0,1319264.0,1778522.0,4.0,0.8762165180443686,12.729733486389136
BEN,2022,Benin,3050.0,2.0,49.63,13352864,64.01268515,3333450.0,2955274.0,2430934.0,1486499.0,4.0,0.014978060137510575,22.132135847410712
BEN,2023,Benin,51.0,0.0,,13352864,64.01268515,,,,,,0.0,
BEN,2024,Benin,0.0,0.0,,13352864,64.01268515,,,,,,0.0,
BFA,2020,Burkina Faso,6344.0,78.0,89.81,22673764,62.29728841,,,,,,0.3440099314785141,
BFA,2021,Burkina Faso,10696.0,239.0,30.56,22673764,62.29728841,1053330.0,972376.0,649320.0,1120307.0,3.0,1.0540817131200626,4.288551296555791
BFA,2022,Burkina Faso,4966.0,78.0,17.59,22673764,62.29728841,2369487.0,2131880.0,1188545.0,1244555.0,3.0,0.3440099314785141,9.402408881030958
BFA,2023,Burkina Faso,103.0,5.0,,22673764,62.29728841,,,,,,0.022051918684520135,
BFA,2024,Burkina Faso,30.0,0.0,,22673764,62.29728841,,,,,,0.0,
BGD,2020,Bangladesh,509148.0,7452.0,93.52,171186368,73.10251672,,,,,,4.353150363000867,
BGD,2021,Bangladesh,1074105.0,20608.0,93.52,171186368,73.10251672,106575146.0,65835395.0,40739751.0,122343031.0,6.0,12.038341744594991,38.45831637715452
BGD,2022,Bangladesh,453771.0,1379.0,64.81,171186368,73.10251672,243642749.0,127544055.0,107712737.0,110502408.0,6.0,0.8055547974474229,74.50596475065117
BGD,2023,Bangladesh,9268.0,38.0,,171186368,73.10251672,,,,,,0.022198029226252407,
BGD,2024,Bangladesh,5056.0,22.0,,171186368,73.10251672,,,,,,0.012851490604672446,
BGR,2020,Bulgaria,197384.0,7123.0,73.15,6781955,71.30586,4608.0,4608.0,,4366.0,4.0,105.02871222236067,0.06794500995656858
BGR,2021,Bulgaria,536498.0,23405.0,62.96,6781955,71.30586,3700660.0,1904143.0,1914910.0,3671575.0,4.0,345.1069787399061,28.0766091783269
BGR,2022,Bulgaria,546735.0,7508.0,45.82,6781955,71.30586,4348404.0,2081276.0,2049909.0,671745.0,4.0,110.70554139624932,30.68843718367344
BGR,2023,Bulgaria,42961.0,594.0,,6781955,71.30586,,,,,,8.758536439713916,
BGR,2024,Bulgaria,6410.0,70.0,,6781955,71.30586,,,,,,1.0321507588888454,
BHR,2020,Bahrain,91518.0,351.0,78.7,1472237,74.38371772,58643.0,58643.0,,34657.0,7.0,23.84127012159048,3.9832581303146166
BHR,2021,Bahrain,188000.0,1043.0,66.67,1472237,74.38371772,3226201.0,1203146.0,1177993.0,3147867.0,7.0,70.84457189976885,81.72230422139913
BHR,2022,Bahrain,417096.0,142.0,37.45,1472237,74.38371772,3421273.0,1232740.0,1216033.0,217157.0,7.0,9.645186203036603,83.73244253472777
BHR,2023,Bahrain,0.0,0.0,,1472237,74.38371772,,,,,,0.0,
BHR,2024,Bahrain,0.0,0.0,,1472237,74.38371772,,,,,,0.0,
BHS,2020,Bahamas,7788.0,169.0,96.3,409989,70.43274063,,,,,,41.22061811414452,
BHS,2021,Bahamas,15842.0,544.0,74.54,409989,70.43274063,300214.0,157041.0,147365.0,303757.0,3.0,132.68648671061908,38.30371058735722
BHS,2022,Bahamas,13861.0,120.0,58.26,409989,70.43274063,334155.0,164961.0,156089.0,30306.0,3.0,29.269077950871853,40.235469732114765
BHS,2023,Bahamas,656.0,13.0,,409989,70.43274063,,,,,,3.1708167780111176,
BHS,2024,Bahamas,980.0,3.0,,409989,70.43274063,,,,,,0.7317269487717963,
BIH,2020,Bosnia and Herzegovina,109330.0,3923.0,92.59,3233530,74.84944487,,,,,,121.32251749635847,
BIH,2021,Bosnia and Herzegovina,178386.0,9360.0,45.37,3233530,74.84944487,1553874.0,882641.0,720631.0,1788593.0,4.0,289.46692933110256,27.296514954245048
BIH,2022,Bosnia and Herzegovina,113244.0,2939.0,44.44,3233530,74.84944487,1924950.0,943394.0,846080.0,125135.0,4.0,90.89137877180667,29.175359436900226
BIH,2023,Bosnia and Herzegovina,2548.0,158.0,,3233530,74.84944487,,,,,,4.886300730161773,
BIH,2024,Bosnia and Herzegovina,158.0,12.0,,3233530,74.84944487,,,,,,0.37111144786038786,
BLR,2020,Belarus,184922.0,1376.0,42.59,9534956,73.12324771,0.0,0.0,,1209.0,2.0,14.431110117340868,0.0
BLR,2021,Belarus,507679.0,4108.0,43.52,9534956,73.12324771,7708200.0,4356041.0,3228165.0,8314794.0,2.0,43.08357584450311,45.68496173448519
BLR,2022,Belarus,301436.0,1634.0,23.15,9534956,73.12324771,11634483.0,5801653.0,5565214.0,3193791.0,2.0,17.13694326434228,60.846143390698394
BLR,2023,Belarus,0.0,0.0,,9534956,73.12324771,,,,,,0.0,
BLR,2024,Belarus,0.0,0.0,,9534956,73.12324771,,,,,,0.0,
BLZ,2020,Belize,10490.0,228.0,85.19,405285,73.32055336,,,,,,56.256708242347976,
BLZ,2021,Belize,21013.0,364.0,75.93,405285,73.32055336,424634.0,230125.0,199119.0,426941.0,4.0,89.81334122901168,56.7810306327646
BLZ,2022,Belize,38174.0,96.0,72.22,405285,73.32055336,467251.0,236015.0,209156.0,40086.0,4.0,23.687035049409676,58.23432892902526
BLZ,2023,Belize,1708.0,0.0,,405285,73.32055336,,,,,,0.0,
BLZ,2024,Belize,31.0,0.0,,405285,73.32055336,,,,,,0.0,
BOL,2020,Bolivia,153590.0,9083.0,96.3,12224114,65.41062535,,,,,,74.30395364441137,
BOL,2021,Bolivia,421657.0,10447.0,56.48,12224114,65.41062535,9792844.0,5635100.0,4593214.0,9637873.0,5.0,85.46222654664379,46.098228468746285
BOL,2022,Bolivia,571494.0,2750.0,30.56,12224114,65.41062535,12972370.0,7043449.0,5747856.0,3288970.0,5.0,22.49651794804924,57.619300670788896
BOL,2023,Bolivia,65355.0,105.0,,12224114,65.41062535,,,,,,0.8589579580164256,
BOL,2024,Bolivia,51.0,2.0,,12224114,65.41062535,,,,,,0.01636110396221763,
BRA,2020,Brazil,7448560.0,190488.0,81.02,215313504,72.38840694,,,,,,88.47006641998637,
BRA,2021,Brazil,14782177.0,427904.0,76.39,215313504,72.38840694,331273910.0,166195505.0,143436012.0,330036341.0,4.0,198.73532874185167,77.18768303543098
BRA,2022,Brazil,13893600.0,74351.0,47.07,215313504,72.38840694,413559595.0,181078067.0,160272858.0,81342193.0,4.0,34.53150806556007,84.09972604412216
BRA,2023,Brazil,1387584.0,9373.0,,215313504,72.38840694,,,,,,4.353187248301899,
BRA,2024,Brazil,0.0,0.0,,215313504,72.38840694,,,,,,0.0,
BRB,2020,Barbados,347.0,7.0,88.89,281646,76.8418344,,,,,,2.4853894605284648,
BRB,2021,Barbados,27282.0,253.0,74.07,281646,76.8418344,299629.0,155952.0,143677.0,301214.0,3.0,89.82907621624308,55.37163673547645
BRB,2022,Barbados,77886.0,308.0,64.76,281646,76.8418344,312145.0,161076.0,151069.0,13013.0,3.0,109.35713626325244,57.190941820583284
BRB,2023,Barbados,2279.0,25.0,,281646,76.8418344,,,,,,8.876390930458802,
BRB,2024,Barbados,788.0,0.0,,281646,76.8418344,,,,,,0.0,
BRN,2020,Brunei,152.0,3.0,58.33,449002,76.92260844,,,,,,0.6681484714990134,
BRN,2021,Brunei,15295.0,58.0,76.85,449002,76.92260844,898401.0,405888.0,400691.0,881083.0,5.0,12.917537115647592,90.39781559993051
BRN,2022,Brunei,253168.0,87.0,54.63,449002,76.92260844,1068468.0,407945.0,404935.0,186264.0,5.0,19.37630567347139,90.85594273522167
BRN,2023,Brunei,62161.0,23.0,,449002,76.92260844,,,,,,5.122471614825769,
BRN,2024,Brunei,16947.0,8.0,,449002,76.92260844,,,,,,1.7817292573307024,
BTN,2020,Bhutan,597.0,0.0,97.22,782457,74.87642848,,,,,,0.0,
BTN,2021,Bhutan,2063.0,3.0,81.94,782457,74.87642848,1154843.0,589762.0,565081.0,1419889.0,4.0,0.38340765051625836,75.37308759458986
BTN,2022,Bhutan,59871.0,18.0,78.7,782457,74.87642848,1787937.0,687549.0,579640.0,607664.0,4.0,2.3004459030975504,87.87051556826765
BTN,2023,Bhutan,166.0,0.0,,782457,74.87642848,,,,,,0.0,
BTN,2024,Bhutan,0.0,0.0,,782457,74.87642848,,,,,,0.0,
BWA,2020,Botswana,13890.0,39.0,86.11,2630300,61.23119159,,,,,,1.4827206022126755,
BWA,2021,Botswana,198592.0,2400.0,73.15,2630300,61.23119159,1128095.0,1169197.0,1033971.0,1264132.0,6.0,91.24434475154925,44.45108922936547
BWA,2022,Botswana,115549.0,347.0,21.3,2630300,61.23119159,2517260.0,1454775.0,1292541.0,856075.0,6.0,13.19241151199483,55.30832984830628
BWA,2023,Botswana,2386.0,14.0,,2630300,61.23119159,,,,,,0.5322586777173707,
BWA,2024,Botswana,279.0,1.0,,2630300,61.23119159,,,,,,0.038018476979812185,
CAF,2020,Central African Republic,5814.0,63.0,75.93,5579148,52.30772755,,,,,,1.1292046742620916,
CAF,2021,Central African Republic,6454.0,38.0,24.07,5579148,52.30772755,436772.0,375096.0,334906.0,525214.0,2.0,0.6811075813009441,6.723177087254182
CAF,2022,Central African Republic,3092.0,12.0,24.07,5579148,52.30772755,1012846.0,923553.0,897945.0,480350.0,2.0,0.21508660462135076,16.553656579821865
CAF,2023,Central African Republic,80.0,0.0,,5579148,52.30772755,,,,,,0.0,
CAF,2024,Central African Republic,1.0,0.0,,5579148,52.30772755,,,,,,0.0,
CAN,2020,Canada,539241.0,14734.0,76.39,38454328,81.58276248,98442.0,98440.0,2.0,71747.0,4.0,38.315583098994736,0.2559919913305987
CAN,2021,Canada,1422482.0,15117.0,75.46,38454328,81.58276248,68756211.0,31726971.0,29414103.0,67723552.0,4.0,39.31156981861704,82.50559208835999
CAN,2022,Canada,2514662.0,18901.0,71.86,38454328,81.58276248,82076782.0,32665747.0,31149796.0,14214917.0,4.0,49.15181458898462,84.94686735911755
CAN,2023,Canada,297851.0,6020.0,,38454328,81.58276248,,,,,,15.65493486194844,
CAN,2024,Canada,44819.0,841.0,,38454328,81.58276248,,,,,,2.1870100031393087,
CHE,2020,Switzerland,435319.0,7182.0,73.15,8740471,83.32795777,6382.0,6280.0,12.0,3691.0,3.0,82.16948491677394,0.0718496749202646
CHE,2021,Switzerland,818311.0,4646.0,60.19,8740471,83.32795777,13849886.0,5970459.0,5833757.0,13687994.0,3.0,53.15503020374988,68.30820673165096
CHE,2022,Switzerland,3121455.0,2037.0,56.48,8740471,83.32795777,15635047.0,6081712.0,5993447.0,1938075.0,3.0,23.30538022493296,69.58105575775035
CHE,2023,Switzerland,71856.0,305.0,,8740471,83.32795777,,,,,,3.489514466668901,
CHE,2024,Switzerland,10927.0,0.0,,8740471,83.32795777,,,,,,0.0,
CHL,2020,Chile,598394.0,16404.0,90.28,19603736,79.02404788,8649.0,8649.0,,17733.0,4.0,83.67792751340868,0.044119141371828305
CHL,2021,Chile,1200731.0,22609.0,84.72,19603736,79.02404788,44313091.0,17304414.0,16543067.0,43828538.0,4.0,115.33005749516317,88.27100099695284
CHL,2022,Chile,3207034.0,23999.0,30.14,19603736,79.02404788,50302179.0,17859475.0,17346012.0,6320372.0,4.0,122.4205426965554,91.10240517419741
CHL,2023,Chile,326818.0,2647.0,,19603736,79.02404788,,,,,,13.502528293586488,
CHL,2024,Chile,68149.0,503.0,,19603736,79.02404788,,,,,,2.5658374505757475,
CHN,2020,China,96324.0,4777.0,81.94,1425887360,77.61619672,4500000.0,,,3000000.0,5.0,0.33501945062476746,
CHN,2021,China,34534.0,922.0,79.17,1425887360,77.61619672,2835332000.0,1259967000.0,1207413000.0,2792359211.0,5.0,0.06466148910949039,88.36371198353284
CHN,2022,China,62314792.0,33296.0,79.17,1425887360,77.61619672,3263129000.0,1275541000.0,1240777000.0,454983285.0,5.0,2.3351073117023775,89.45594412170117
CHN,2023,China,36877077.0,82898.0,,1425887360,77.61619672,,,,,,5.813783214965872,
CHN,2024,China,50492.0,433.0,,1425887360,77.61619672,,,,,,0.030367055080704274,
CIV,2020,Cote d'Ivoire,22081.0,134.0,80.56,28160548,63.5174083,,,,,,0.4758430127140992,
CIV,2021,Cote d'Ivoire,41766.0,573.0,25.93,28160548,63.5174083,7113233.0,4950775.0,2162458.0,6751135.0,5.0,2.034761539441633,17.580535009474957
CIV,2022,Cote d'Ivoire,24086.0,123.0,21.3,28160548,63.5174083,10364488.0,7111845.0,4599452.0,3566210.0,5.0,0.43678127286443436,25.254639931012708
CIV,2023,Cote d'Ivoire,451.0,5.0,,28160548,63.5174083,,,,,,0.01775533629530221,
CIV,2024,Cote d'Ivoire,50.0,0.0,,28160548,63.5174083,,,,,,0.0,
CMR,2020,Cameroon,26277.0,448.0,71.3,27914542,61.76934896,,,,,,1.6048982641377385,
CMR,2021,Cameroon,82399.0,1403.0,41.67,27914542,61.76934896,1020007.0,834112.0,659641.0,1019682.0,4.0,5.026054162020642,2.988091296643878
CMR,2022,Cameroon,15317.0,114.0,30.56,27914542,61.76934896,1558668.0,1348787.0,1048664.0,469114.0,4.0,0.4083892904279067,4.831843560248991
CMR,2023,Cameroon,1144.0,9.0,,27914542,61.76934896,,,,,,0.03224125977062421,
CMR,2024,Cameroon,109.0,0.0,,27914542,61.76934896,,,,,,0.0,
COD,2020,Democratic Republic of Congo,16837.0,579.0,80.56,99010216,61.62552641,,,,,,0.5847881394380555,
COD,2021,Democratic Republic of Congo,58207.0,626.0,52.78,99010216,61.62552641,333589.0,257013.0,117844.0,309281.0,1.0,0.6322579884079841,0.25958230411294125
COD,2022,Democratic Republic of Congo,20026.0,257.0,47.22,99010216,61.62552641,964948.0,853971.0,519397.0,642116.0,1.0,0.2595691741547155,0.8625079658446558
COD,2023,Democratic Republic of Congo,4268.0,6.0,,99010216,61.62552641,,,,,,0.006059980719565343,
COD,2024,Democratic Republic of Congo,1671.0,6.0,,99010216,61.62552641,,,,,,0.006059980719565343,
COG,2020,Congo,6389.0,100.0,97.22,5970430,63.17262301,,,,,,1.6749212368288382,
COG,2021,Congo,13700.0,267.0,57.41,5970430,63.17262301,758891.0,622886.0,583609.0,744818.0,4.0,4.472039702332998,10.432849895233677
COG,2022,Congo,4974.0,19.0,57.22,5970430,63.17262301,818931.0,681597.0,640464.0,62106.0,4.0,0.31823503499747924,11.416212902588256
COG,2023,Congo,150.0,3.0,,5970430,63.17262301,,,,,,0.05024763710486515,
COG,2024,Congo,14.0,0.0,,5970430,63.17262301,,,,,,0.0,
COL,2020,Colombia,1574707.0,41690.0,90.74,51874028,74.53297363,,,,,,80.36777093924536,
COL,2021,Colombia,3543547.0,87996.0,81.02,51874028,74.53297363,64690489.0,38353097.0,28323837.0,64240572.0,5.0,169.63402186543138,73.93506631102562
COL,2022,Colombia,1220085.0,12390.0,49.4,51874028,74.53297363,80573164.0,41940039.0,34730020.0,16085281.0,5.0,23.884784886957302,80.84978286243745
COL,2023,Colombia,27655.0,651.0,,51874028,74.53297363,,,,,,1.2549632737214855,
COL,2024,Colombia,25882.0,0.0,,51874028,74.53297363,,,,,,0.0,
COM,2020,Comoros,661.0,7.0,,836783,67.4970386,,,,,,0.8365370711403076,
COM,2021,Comoros,4942.0,146.0,,836783,67.4970386,581547.0,335408.0,246139.0,564642.0,3.0,17.44777319806927,40.08303227957547
COM,2022,Comoros,3379.0,7.0,,836783,67.4970386,637961.0,341102.0,301218.0,64183.0,3.0,0.8365370711403076,40.763495434300175
COM,2023,Comoros,127.0,0.0,,836783,67.4970386,,,,,,0.0,
COM,2024,Comoros,0.0,0.0,,836783,67.4970386,,,,,,0.0,
CPV,2020,Cape Verde,11698.0,112.0,87.96,593162,73.16097765,,,,,,18.88185689575529,
CPV,2021,Cape Verde,27315.0,240.0,73.3,593162,73.16097765,571130.0,302802.0,255954.0,582846.0,4.0,40.46112191947562,51.04878599775441
CPV,2022,Cape Verde,24177.0,60.0,60.58,593162,73.16097765,728077.0,354533.0,306782.0,145074.0,4.0,10.115280479868906,59.770012239489375
CPV,2023,Cape Verde,1284.0,5.0,,593162,73.16097765,,,,,,0.8429400399890755,
CPV,2024,Cape Verde,0.0,0.0,,593162,73.16097765,,,,,,0.0,
CRI,2020,Costa Rica,164062.0,2103.0,81.48,5180836,78.63053412,55.0,55.0,,1680.0,2.0,40.591904472560024,0.0010616047294297677
CRI,2021,Costa Rica,405461.0,5246.0,66.67,5180836,78.63053412,7756348.0,3944932.0,3505176.0,7767950.0,2.0,101.2577892834284,76.14469942688787
CRI,2022,Costa Rica,592164.0,1723.0,50.82,5180836,78.63053412,10166273.0,4336171.0,3971404.0,2323303.0,2.0,33.25718088740891,83.69635711302192
CRI,2023,Costa Rica,68865.0,294.0,,5180836,78.63053412,,,,,,5.674759826406395,
CRI,2024,Costa Rica,4149.0,6.0,,5180836,78.63053412,,,,,,0.11581142502870193,
CUB,2020,Cuba,11038.0,141.0,100.0,11212198,73.67333077,,,,,,1.2575589549881299,
CUB,2021,Cuba,953569.0,8179.0,81.48,11212198,73.67333077,30874045.0,10448955.0,9672464.0,28845689.0,3.0,72.94733824714834,93.19274418807089
CUB,2022,Cuba,147220.0,210.0,27.98,11212198,73.67333077,35342367.0,10630665.0,9910237.0,4957268.0,3.0,1.872960145727002,94.81338984559495
CUB,2023,Cuba,1767.0,0.0,,11212198,73.67333077,,,,,,0.0,
CUB,2024,Cuba,68.0,0.0,,11212198,73.67333077,,,,,,0.0,
CYP,2020,Cyprus,19392.0,114.0,94.44,896007,81.912741,,,,,,12.723114886379236,
CYP,2021,Cyprus,130456.0,523.0,84.26,896007,81.912741,1541159.0,640890.0,607884.0,1555842.0,4.0,58.37007969803807,71.52734297834726
CYP,2022,Cyprus,478661.0,618.0,50.1,896007,81.912741,1773485.0,687926.0,645292.0,211535.0,4.0,68.97267543668744,76.77685553795897
CYP,2023,Cyprus,46600.0,139.0,,896007,81.912741,,,,,,15.513271659708018,
CYP,2024,Cyprus,21301.0,57.0,,896007,81.912741,,,,,,6.361557443189618,
CZE,2020,Czechia,675062.0,11367.0,82.41,10493990,77.07730392,11891.0,11890.0,1.0,10940.0,5.0,108.31914267118607,0.1133029476872
CZE,2021,Czechia,1811389.0,24621.0,81.48,10493990,77.07730392,15494314.0,6828497.0,6659013.0,15354487.0,5.0,234.62000630837272,65.07054990523147
CZE,2022,Czechia,2091075.0,6111.0,37.82,10493990,77.07730392,17492052.0,6951303.0,6858609.0,2125810.0,5.0,58.23333164983004,66.24080068686933
CZE,2023,Czechia,169097.0,1255.0,,10493990,77.07730392,,,,,,11.959226185654837,
CZE,2024,Czechia,15296.0,155.0,,10493990,77.07730392,,,,,,1.4770359034075695,
DEU,2020,Germany,1660178.0,47009.0,82.41,83369840,80.49140555,207402.0,206545.0,856.0,142596.0,5.0,56.38609837802256,0.2477454676655251
DEU,2021,Germany,5353865.0,70683.0,85.19,83369840,80.49140555,150283755.0,61844345.0,59278259.0,148816557.0,5.0,84.78245850058006,74.1807169115354
DEU,2022,Germany,30227893.0,48046.0,42.69,83369840,80.49140555,171940027.0,63664250.0,63142649.0,22944840.0,5.0,57.629953469983874,76.36364661369147
DEU,2023,Germany,1195820.0,9241.0,,83369840,80.49140555,,,,,,11.084344170505785,
DEU,2024,Germany,0.0,0.0,,83369840,80.49140555,,,,,,0.0,
DJI,2020,Djibouti,5805.0,61.0,94.44,1120851,64.87227149,,,,,,5.442293400282464,
DJI,2021,Djibouti,7763.0,128.0,49.07,1120851,64.87227149,64721.0,38634.0,26087.0,122094.0,6.0,11.419894348133695,3.4468452987952904
DJI,2022,Djibouti,2122.0,0.0,52.78,1120851,64.87227149,165554.0,145050.0,105020.0,33335.0,6.0,0.0,12.94105996247494
DJI,2023,Djibouti,0.0,0.0,,1120851,64.87227149,,,,,,0.0,
DJI,2024,Djibouti,0.0,0.0,,1120851,64.87227149,,,,,,0.0,
DNK,2020,Denmark,151167.0,1159.0,72.22,5882259,81.18400442,31626.0,31625.0,1.0,12447.0,3.0,19.70331466193515,0.5376335860083685
DNK,2021,Denmark,546396.0,2038.0,70.37,5882259,81.18400442,12110043.0,4793685.0,4600866.0,11924511.0,3.0,34.64655330545629,81.49394645832494
DNK,2022,Denmark,2684288.0,4515.0,34.16,5882259,81.18400442,13211743.0,4841445.0,4801547.0,1272065.0,3.0,76.75622579692597,82.30587942489441
DNK,2023,Denmark,50495.0,1781.0,,5882259,81.18400442,,,,,,30.277483531411995,
DNK,2024,Denmark,3333.0,200.0,,5882259,81.18400442,,,,,,3.4000542988671527,
DOM,2020,Dominican Republic,165940.0,2404.0,100.0,11228821,73.32102758,,,,,,21.409193360549608,
DOM,2021,Dominican Republic,247947.0,1833.0,71.3,11228821,73.32102758,14086551.0,6938596.0,5699587.0,14064161.0,4.0,16.32406465469527,61.79273852526459
DOM,2022,Dominican Republic,244700.0,147.0,47.08,11228821,73.32102758,15484878.0,7184321.0,5923507.0,1411824.0,4.0,1.3091312079870185,63.981080471404795
DOM,2023,Dominican Republic,2516.0,0.0,,11228821,73.32102758,,,,,,0.0,
DOM,2024,Dominican Republic,0.0,0.0,,11228821,73.32102758,,,,,,0.0,
DZA,2020,Algeria,97857.0,2722.0,92.13,44903228,75.97765182,,,,,,6.061924991227802,
DZA,2021,Algeria,118519.0,3507.0,85.19,44903228,75.97765182,12545356.0,7060737.0,5609040.0,12708853.0,4.0,7.810128928815541,15.724341688753423
DZA,2022,Algeria,54818.0,652.0,43.52,44903228,75.97765182,13704895.0,7461932.0,6110712.0,988507.0,4.0,1.452011423321281,16.617807521543885
DZA,2023,Algeria,816.0,0.0,,44903228,75.97765182,,,,,,0.0,
DZA,2024,Algeria,129.0,0.0,,44903228,75.97765182,,,,,,0.0,
ECU,2020,Ecuador,210868.0,13990.0,93.52,18001002,73.95801182,,,,,,77.71789592601567,
ECU,2021,Ecuador,332094.0,19657.0,75.46,18001002,73.95801182,27566331.0,14224604.0,12690467.0,27400478.0,4.0,109.19947678468122,79.02117893215056
ECU,2022,Ecuador,499095.0,2287.0,53.51,18001002,73.95801182,33165706.0,14836133.0,13709968.0,5679556.0,4.0,12.704848318999133,82.41837315500548
ECU,2023,Ecuador,27936.0,90.0,,18001002,73.95801182,,,,,,0.4999721682159693,
ECU,2024,Ecuador,9046.0,26.0,,18001002,73.95801182,,,,,,0.14443640415128003,
EGY,2020,Egypt,131315.0,7352.0,87.96,110990096,69.10821615,,,,,,6.624014452604852,
EGY,2021,Egypt,249205.0,14219.0,59.26,110990096,69.10821615,52819190.0,33098284.0,20627388.0,54517712.0,6.0,12.811052978997333,29.82093465348476
EGY,2022,Egypt,134994.0,3231.0,40.05,110990096,69.10821615,76716981.0,44531740.0,31722116.0,21388307.0,6.0,2.9110705517364357,40.12226460278042
EGY,2023,Egypt,509.0,28.0,,110990096,69.10821615,,,,,,0.02522747615246679,
EGY,2024,Egypt,0.0,0.0,,110990096,69.10821615,,,,,,0.0,
ERI,2020,Eritrea,997.0,1.0,0.0,3684041,63.57308435,,,,,,0.027144106159513428,
ERI,2021,Eritrea,6876.0,71.0,,3684041,63.57308435,,,,,,1.9272315373254532,
ERI,2022,Eritrea,2316.0,31.0,,3684041,63.57308435,,,,,,0.8414672909449161,
ERI,2023,Eritrea,0.0,0.0,,3684041,63.57308435,,,,,,0.0,
ERI,2024,Eritrea,0.0,0.0,,3684041,63.57308435,,,,,,0.0,
ESP,2020,Spain,1919549.0,53964.0,85.19,47558632,82.66267258,,,,,,113.46836048606275,
ESP,2021,Spain,4180589.0,37311.0,78.7,47558632,82.66267258,83529796.0,39664717.0,37869504.0,83665879.0,4.0,78.45263505476777,83.40171979715481
ESP,2022,Spain,7654824.0,27668.0,38.65,47558632,82.66267258,93807121.0,41134037.0,40118474.0,10102977.0,4.0,58.17661029442563,86.49121152181164
ESP,2023,Spain,225378.0,2909.0,,47558632,82.66267258,,,,,,6.116660378288425,
ESP,2024,Spain,0.0,0.0,,47558632,82.66267258,,,,,,0.0,
EST,2020,Estonia,31031.0,284.0,77.78,1326064,77.13131363,2475.0,2475.0,50.0,1797.0,4.0,21.41676419840973,0.18664257532064818
EST,2021,Estonia,195778.0,1544.0,64.7,1326064,77.13131363,1808959.0,842203.0,818608.0,1795977.0,4.0,116.43480254346697,63.5114896415256
EST,2022,Estonia,367408.0,899.0,45.62,1326064,77.13131363,1971557.0,859186.0,842855.0,173558.0,4.0,67.79461624778291,64.79219705836219
EST,2023,Estonia,14364.0,245.0,,1326064,77.13131363,,,,,,18.475729678205578,
EST,2024,Estonia,1890.0,26.0,,1326064,77.13131363,,,,,,1.9606896801361022,
ETH,2020,Ethiopia,122413.0,1901.0,80.56,123379928,67.83909086,,,,,,1.5407692570545188,
ETH,2021,Ethiopia,273337.0,4993.0,51.85,123379928,67.83909086,10916152.0,9344163.0,,10549583.0,5.0,4.046849500511947,7.573487155868659
ETH,2022,Ethiopia,101346.0,678.0,40.74,123379928,67.83909086,29373478.0,24486746.0,20958931.0,18421926.0,5.0,0.5495221232419587,19.846620432458025
ETH,2023,Ethiopia,4021.0,2.0,,123379928,67.83909086,,,,,,0.0016210092131031233,
ETH,2024,Ethiopia,76.0,0.0,,123379928,67.83909086,,,,,,0.0,
FIN,2020,Finland,38052.0,618.0,71.3,5540745,81.53419484,,,,,,11.153734741447224,
FIN,2021,Finland,284783.0,1218.0,52.31,5540745,81.53419484,9616819.0,4275263.0,4085397.0,9509339.0,3.0,21.982603422463946,77.16043600634933
FIN,2022,Finland,1133314.0,6862.0,34.77,5540745,81.53419484,11679339.0,4505614.0,4308827.0,2172676.0,3.0,123.8461614818946,81.3178372222508
FIN,2023,Finland,43563.0,2710.0,,5540745,81.53419484,,,,,,48.910390209258864,
FIN,2024,Finland,0.0,58.0,,5540745,81.53419484,,,,,,1.0467906391649497,
FJI,2020,Fiji,46.0,2.0,86.11,929769,65.50058445,,,,,,0.2151071932920973,
FJI,2021,Fiji,52898.0,695.0,92.18,929769,65.50058445,1267045.0,661452.0,605593.0,1270826.0,3.0,74.7497496690038,71.14154160872216
FJI,2022,Fiji,15758.0,184.0,87.49,929769,65.50058445,1308235.0,680784.0,627451.0,37307.0,3.0,19.78986178287295,73.22076773908358
FJI,2023,Fiji,352.0,4.0,,929769,65.50058445,,,,,,0.4302143865841946,
FJI,2024,Fiji,0.0,0.0,,929769,65.50058445,,,,,,0.0,
FRA,2020,France,2338258.0,63534.0,87.96,67813000,81.92274175,2403.0,2403.0,,2092.0,4.0,93.69000044239304,0.003543568342353236
FRA,2021,France,6371668.0,60631.0,75.0,67813000,81.92274175,123982891.0,53082539.0,49549069.0,122648234.0,4.0,89.40911034757347,78.27782136168582
FRA,2022,France,29279621.0,37502.0,48.33,67813000,81.92274175,141666197.0,53993210.0,52438706.0,18935976.0,4.0,55.30208072198546,79.62073643696637
FRA,2023,France,1007943.0,6318.0,,67813000,81.92274175,,,,,,9.316797664164687,
FRA,2024,France,0.0,0.0,,67813000,81.92274175,,,,,,0.0,
FSM,2020,Micronesia (country),0.0,0.0,,114178,65.70956674,,,,,,0.0,
FSM,2021,Micronesia (country),0.0,0.0,,114178,65.70956674,,,,,,0.0,
FSM,2022,Micronesia (country),22069.0,58.0,,114178,65.70956674,,,,,,50.797876999071626,
FSM,2023,Micronesia (country),4478.0,7.0,,114178,65.70956674,,,,,,6.130778258508644,
FSM,2024,Micronesia (country),5305.0,0.0,,114178,65.70956674,,,,,,0.0,
GAB,2020,Gabon,9497.0,64.0,84.26,2388997,65.09380891,,,,,,2.678948529445621,
GAB,2021,Gabon,29373.0,223.0,68.52,2388997,65.09380891,392898.0,219775.0,173123.0,439902.0,3.0,9.334461282287085,9.19946739154549
GAB,2022,Gabon,10109.0,19.0,55.19,2388997,65.09380891,548978.0,297308.0,250565.0,108892.0,3.0,0.7953128446791687,12.44488795925654
GAB,2023,Gabon,72.0,1.0,,2388997,65.09380891,,,,,,0.041858570772587825,
GAB,2024,Gabon,0.0,0.0,,2388997,65.09380891,,,,,,0.0,
GBR,2020,United Kingdom,2344433.0,90475.0,79.63,67508936,80.10062783,,,,,,134.01929486786756,
GBR,2021,United Kingdom,10230346.0,85684.0,87.96,67508936,80.10062783,133312817.0,51786768.0,47434251.0,130205389.0,3.0,126.92245660633726,76.71098238016964
GBR,2022,United Kingdom,11584258.0,39186.0,42.1,67508936,80.10062783,140968337.0,52788065.0,49404026.0,8619765.0,3.0,58.045648949347985,78.19418898855108
GBR,2023,United Kingdom,706222.0,16767.0,,67508936,80.10062783,,,,,,24.836711987284172,
GBR,2024,United Kingdom,109370.0,0.0,,67508936,80.10062783,,,,,,0.0,
GEO,2020,Georgia,221605.0,2377.0,100.0,3744385,71.24038597,,,,,,63.481719962023135,
GEO,2021,Georgia,702763.0,11135.0,84.26,3744385,71.24038597,2512858.0,1363896.0,1148962.0,2490881.0,4.0,297.3786082360655,36.42510051717438
GEO,2022,Georgia,884811.0,3386.0,50.0,3744385,71.24038597,2857215.0,1600698.0,1256517.0,362865.0,4.0,90.42873529297869,42.749289936798704
GEO,2023,Georgia,47803.0,243.0,,3744385,71.24038597,,,,,,6.489717269992268,
GEO,2024,Georgia,6633.0,9.0,,3744385,71.24038597,,,,,,0.2403598988886025,
GHA,2020,Ghana,54681.0,335.0,84.26,33475870,66.10178519,,,,,,1.0007208177113844,
GHA,2021,Ghana,86614.0,952.0,51.46,33475870,66.10178519,7755231.0,5774413.0,2334010.0,8139279.0,2.0,2.8438394580932473,17.24947850496492
GHA,2022,Ghana,29743.0,174.0,51.27,33475870,66.10178519,12637542.0,8793591.0,4867214.0,4466141.0,2.0,0.5197773799456146,26.26844649593872
GHA,2023,Ghana,796.0,1.0,,33475870,66.10178519,,,,,,0.00298722632152652,
GHA,2024,Ghana,228.0,0.0,,33475870,66.10178519,,,,,,0.0,
GIN,2020,Guinea,13674.0,80.0,80.56,13859349,61.26251027,,,,,,0.5772276894102313,
GIN,2021,Guinea,17456.0,309.0,68.13,13859349,61.26251027,2952253.0,2026767.0,925486.0,2795522.0,6.0,2.2295419503470186,14.623825404786327
GIN,2022,Guinea,7081.0,77.0,64.87,13859349,61.26251027,5952680.0,3472605.0,2480075.0,3067035.0,6.0,0.5555816510573476,25.056047004805205
GIN,2023,Guinea,361.0,2.0,,13859349,61.26251027,,,,,,0.014430692235255782,
GIN,2024,Guinea,0.0,0.0,,13859349,61.26251027,,,,,,0.0,
GMB,2020,Gambia,3792.0,123.0,83.33,2705995,64.21396887,,,,,,4.545462944314384,
GMB,2021,Gambia,6344.0,219.0,45.37,2705995,64.21396887,294698.0,263056.0,249515.0,296391.0,3.0,8.093141339876828,9.721230083573696
GMB,2022,Gambia,2450.0,30.0,13.89,2705995,64.21396887,363353.0,331266.0,318161.0,67804.0,3.0,1.1086494986132642,12.241929493587387
GMB,2023,Gambia,40.0,0.0,,2705995,64.21396887,,,,,,0.0,
GMB,2024,Gambia,1.0,0.0,,2705995,64.21396887,,,,,,0.0,
GNB,2020,Guinea-Bissau,2447.0,45.0,,2105580,58.62801846,,,,,,2.137178354657624,
GNB,2021,Guinea-Bissau,4019.0,104.0,,2105580,58.62801846,413938.0,390794.0,23144.0,409266.0,2.0,4.939256641875398,18.559921731779365
GNB,2022,Guinea-Bissau,2481.0,27.0,,2105580,58.62801846,562620.0,519455.0,341495.0,148805.0,2.0,1.2823070127945744,24.67039960485947
GNB,2023,Guinea-Bissau,667.0,1.0,,2105580,58.62801846,,,,,,0.04749285232572498,
GNB,2024,Guinea-Bissau,0.0,0.0,,2105580,58.62801846,,,,,,0.0,
GNQ,2020,Equatorial Guinea,5236.0,86.0,,1674916,61.60542301,,,,,,5.134585853857746,
GNQ,2021,Equatorial Guinea,8394.0,89.0,,1674916,61.60542301,452666.0,249276.0,203390.0,447698.0,1.0,5.3136993138760396,14.882895619840038
GNQ,2022,Equatorial Guinea,3557.0,8.0,,1674916,61.60542301,473409.0,262703.0,210706.0,19585.0,1.0,0.47763589338211593,15.684547762395248
GNQ,2023,Equatorial Guinea,41.0,0.0,,1674916,61.60542301,,,,,,0.0,
GNQ,2024,Equatorial Guinea,0.0,0.0,,1674916,61.60542301,,,,,,0.0,
GRC,2020,Greece,139692.0,4682.0,84.26,10384972,79.59785025,2339.0,2339.0,,1899.0,4.0,45.08437769500004,0.022522930249595282
GRC,2021,Greece,945395.0,15823.0,88.89,10384972,79.59785025,17469497.0,7469369.0,7041133.0,17211815.0,4.0,152.36439732336302,71.92478708657086
GRC,2022,Greece,3938076.0,14471.0,74.28,10384972,79.59785025,20503242.0,7896367.0,7592528.0,3257204.0,4.0,139.34558513975773,76.03647848063528
GRC,2023,Greece,547198.0,3445.0,,10384972,79.59785025,,,,,,33.172934890917375,
GRC,2024,Greece,103320.0,837.0,,10384972,79.59785025,,,,,,8.059723223134352,
GRD,2020,Grenada,116.0,0.0,,125459,72.77322454,,,,,,0.0,
GRD,2021,Grenada,5840.0,200.0,,125459,72.77322454,78476.0,41287.0,35457.0,79438.0,3.0,159.41462948054743,32.90875903681681
GRD,2022,Grenada,13704.0,38.0,,125459,72.77322454,87154.0,43292.0,37915.0,7715.0,3.0,30.28877960130401,34.506890697359296
GRD,2023,Grenada,33.0,0.0,,125459,72.77322454,,,,,,0.0,
GRD,2024,Grenada,0.0,0.0,,125459,72.77322454,,,,,,0.0,
GTM,2020,Guatemala,135198.0,4763.0,96.3,17843914,68.69573697,,,,,,26.692574286112343,
GTM,2021,Guatemala,489858.0,11332.0,66.2,17843914,68.69573697,11310579.0,6535250.0,4686883.0,11236378.0,4.0,63.506246443465265,36.62453203932724
GTM,2022,Guatemala,570615.0,3895.0,59.08,17843914,68.69573697,15845925.0,7624143.0,5929957.0,4367341.0,4.0,21.82817065807423,42.726853536729664
GTM,2023,Guatemala,54663.0,211.0,,17843914,68.69573697,,,,,,1.1824759971382959,
GTM,2024,Guatemala,64.0,2.0,,17843914,68.69573697,,,,,,0.01120830329041039,
GUY,2020,Guyana,6289.0,162.0,87.04,808727,66.0777533,,,,,,20.03148157536474,
GUY,2021,Guyana,32753.0,880.0,73.25,808727,66.0777533,715724.0,410499.0,294160.0,715371.0,5.0,108.81298633531463,50.75866145188673
GUY,2022,Guyana,32962.0,244.0,69.33,808727,66.0777533,889522.0,471864.0,360587.0,173367.0,5.0,30.170873483882698,58.3465124819624
GUY,2023,Guyana,1679.0,13.0,,808727,66.0777533,,,,,,1.6074645708626025,
GUY,2024,Guyana,760.0,3.0,,808727,66.0777533,,,,,,0.3709533625067544,
HND,2020,Honduras,118659.0,3061.0,100.0,10432858,68.96309289,,,,,,29.33999485088362,
HND,2021,Honduras,260414.0,7368.0,93.52,10432858,68.96309289,9589064.0,4915362.0,4296605.0,9519010.0,5.0,70.62302582858887,47.11424232937897
HND,2022,Honduras,84612.0,634.0,64.54,10432858,68.96309289,11995048.0,5377876.0,4777999.0,2431300.0,5.0,6.076954176889976,51.54748583753368
HND,2023,Honduras,9062.0,51.0,,10432858,68.96309289,,,,,,0.488840162494304,
HND,2024,Honduras,149.0,0.0,,10432858,68.96309289,,,,,,0.0,
HRV,2020,Croatia,204312.0,3613.0,96.3,4030361,76.8616792,7864.0,7864.0,,1105.0,4.0,89.64457526261296,0.19511899802523894
HRV,2021,Croatia,488790.0,8666.0,62.04,4030361,76.8616792,4729751.0,2259393.0,1953540.0,4680819.0,4.0,215.017959929644,56.059320740747545
HRV,2022,Croatia,568664.0,5236.0,35.35,4030361,76.8616792,5224151.0,2310786.0,2237864.0,535788.0,4.0,129.91392086217587,57.33446706138731
HRV,2023,Croatia,47962.0,1172.0,,4030361,76.8616792,,,,,,29.079280987484744,
HRV,2024,Croatia,7416.0,65.0,,4030361,76.8616792,,,,,,1.6127587578383176,
HTI,2020,Haiti,9846.0,235.0,93.52,11585003,62.4563858,,,,,,2.028484584768774,
HTI,2021,Haiti,16128.0,531.0,64.81,11585003,62.4563858,197175.0,123936.0,73580.0,198384.0,2.0,4.58351197664774,1.0697968744591608
HTI,2022,Haiti,7938.0,94.0,49.07,11585003,62.4563858,249801.0,163710.0,112335.0,50079.0,2.0,0.8113938339075096,1.4131200483936
HTI,2023,Haiti,316.0,0.0,,11585003,62.4563858,,,,,,0.0,
HTI,2024,Haiti,228.0,0.0,,11585003,62.4563858,,,,,,0.0,
HUN,2020,Hungary,316060.0,9047.0,76.85,9967304,74.39546955,1094.0,,,18606.0,6.0,90.76677103457465,
HUN,2021,Hungary,921270.0,29260.0,79.63,9967304,74.39546955,15074636.0,6266064.0,5981569.0,15156354.0,6.0,293.5598231979279,62.86618728595015
HUN,2022,Hungary,944089.0,10132.0,29.07,9967304,74.39546955,16429829.0,6402207.0,6186672.0,1202039.0,6.0,101.65236256464135,64.2320832192938
HUN,2023,Hungary,45740.0,552.0,,9967304,74.39546955,,,,,,5.538107395941771,
HUN,2024,Hungary,3641.0,62.0,,9967304,74.39546955,,,,,,0.6220338017180975,
IDN,2020,Indonesia,713365.0,21237.0,80.09,275501344,68.26167935,,,,,,7.708492340422122,
IDN,2021,Indonesia,3548394.0,122818.0,73.66,275501344,68.26167935,274749184.0,161082857.0,113666327.0,270044770.0,7.0,44.57981881932307,58.46899135272457
IDN,2022,Indonesia,2454365.0,16482.0,66.68,275501344,68.26167935,377108938.0,196240871.0,158830466.0,103168805.0,7.0,5.98254794720711,71.23045867972245
IDN,2023,Indonesia,105646.0,1435.0,,275501344,68.26167935,,,,,,0.5208686023687783,
IDN,2024,Indonesia,7629.0,91.0,,275501344,68.26167935,,,,,,0.03303069185753228,
IND,2020,India,10187850.0,147622.0,100.0,1417173120,67.30780612,,,,,,10.416652554064813,
IND,2021,India,24598952.0,332060.0,81.94,1417173120,67.30780612,1448865422.0,845640601.0,603224821.0,1428474983.0,3.0,23.431152857316402,59.67094556521083
IND,2022,India,9890304.0,51011.0,78.05,1417173120,67.30780612,1834500657.0,984838143.0,828229455.0,400610504.0,3.0,3.5994896657368156,69.49314301134925
IND,2023,India,336066.0,2668.0,,1417173120,67.30780612,,,,,,0.1882621087252911,
IND,2024,India,28576.0,262.0,,1417173120,67.30780612,,,,,,0.018487508428045828,
IRL,2020,Ireland,85176.0,2230.0,90.74,5023108,81.60162902,2389.0,2364.0,25.0,1365.0,4.0,44.39482487734685,0.04706249596863137
IRL,2021,Ireland,610917.0,3824.0,87.96,5023108,81.60162902,9816659.0,3919700.0,3866312.0,9706725.0,4.0,76.12816606770151,78.03336101871591
IRL,2022,Ireland,993671.0,2383.0,42.84,5023108,81.60162902,10741777.0,4069002.0,4007756.0,1021509.0,4.0,47.440747839783654,81.00566422223055
IRL,2023,Ireland,39189.0,1015.0,,5023108,81.60162902,,,,,,20.20661311681931,
IRL,2024,Ireland,16135.0,292.0,,5023108,81.60162902,,,,,,5.8131340198140276,
IRN,2020,Iran,1194963.0,54574.0,72.69,88550568,74.71077692,,,,,,61.63032178404548,
IRN,2021,Iran,4987942.0,76774.0,83.33,88550568,74.71077692,116210697.0,59498870.0,51194091.0,116990450.0,9.0,86.70074256327752,67.19196877427144
IRN,2022,Iran,1377826.0,13325.0,62.83,88550568,74.71077692,146792557.0,63872818.0,56810058.0,29366565.0,9.0,15.04789895870572,72.131460523212
IRN,2023,Iran,64732.0,2084.0,,88550568,74.71077692,,,,,,2.3534575181945754,
IRN,2024,Iran,2400.0,80.0,,88550568,74.71077692,,,,,,0.09034385866389925,
IRQ,2020,Iraq,590779.0,12767.0,96.3,44496124,71.46632369,,,,,,28.692386779576577,
IRQ,2021,Iraq,1501533.0,11355.0,84.26,44496124,71.46632369,14140578.0,8482581.0,5639110.0,14176671.0,4.0,25.519076672835592,19.063640239765604
IRQ,2022,Iraq,373061.0,1252.0,68.52,44496124,71.46632369,17536902.0,10266670.0,7121524.0,3301416.0,4.0,2.813728224957302,23.073178239075386
IRQ,2023,Iraq,172.0,1.0,,44496124,71.46632369,,,,,,0.0022473867611480045,
IRQ,2024,Iraq,0.0,0.0,,44496124,71.46632369,,,,,,0.0,
ISL,2020,Iceland,5743.0,28.0,53.7,372903,82.57766731,4875.0,4875.0,,63.0,4.0,7.508655065794589,1.3073104802053082
ISL,2021,Iceland,18463.0,9.0,65.74,372903,82.57766731,716926.0,288241.0,283920.0,710898.0,4.0,2.413496271148261,77.29650874356065
ISL,2022,Iceland,183007.0,149.0,40.74,372903,82.57766731,805469.0,309770.0,290193.0,89637.0,4.0,39.956771600121215,83.06985999039965
ISL,2023,Iceland,2578.0,0.0,,372903,82.57766731,,,,,,0.0,
ISL,2024,Iceland,583.0,0.0,,372903,82.57766731,,,,,,0.0,
ISR,2020,Israel,399105.0,3242.0,94.44,9449000,81.74464677,991866.0,991860.0,6.0,630593.0,2.0,34.31050904857657,10.49698380781035
ISR,2021,Israel,965663.0,5009.0,87.04,9449000,81.74464677,16762623.0,6573386.0,5933412.0,16124617.0,2.0,53.010900624404705,69.56700179913219
ISR,2022,Israel,3391936.0,3775.0,48.91,9449000,81.74464677,18062854.0,6702717.0,6128503.0,1364350.0,2.0,39.951317599746005,70.93572864853424
ISR,2023,Israel,84854.0,681.0,,9449000,81.74464677,,,,,,7.2071118636892795,
ISR,2024,Israel,0.0,0.0,,9449000,81.74464677,,,,,,0.0,
ITA,2020,Italy,2039182.0,71627.0,93.52,59037472,82.19747411,40785.0,40785.0,,13662.0,5.0,121.32463937480249,0.06908324258870704
ITA,2021,Italy,3583249.0,64903.0,83.33,59037472,82.19747411,111334625.0,48396692.0,44755235.0,109826142.0,5.0,109.93526281071112,81.97622689535216
ITA,2022,Italy,19438072.0,47638.0,53.5,59037472,82.19747411,135870869.0,50723408.0,47817555.0,25915686.0,5.0,80.69112444381088,85.91731028049439
ITA,2023,Italy,1601116.0,11412.0,,59037472,82.19747411,,,,,,19.330095977009314,
ITA,2024,Italy,119459.0,1727.0,,59037472,82.19747411,,,,,,2.9252607564226327,
JAM,2020,Jamaica,12684.0,294.0,89.81,2827382,70.1439437,,,,,,10.398311936625472,
JAM,2021,Jamaica,79671.0,2168.0,86.11,2827382,70.1439437,1208785.0,712466.0,566887.0,1209734.0,4.0,76.67870843062592,25.198788136870082
JAM,2022,Jamaica,60436.0,1001.0,77.22,2827382,70.1439437,1393819.0,780377.0,672613.0,189147.0,4.0,35.40377635565339,27.600692089006724
JAM,2023,Jamaica,3855.0,135.0,,2827382,70.1439437,,,,,,4.774735072940268,
JAM,2024,Jamaica,535.0,13.0,,2827382,70.1439437,,,,,,0.459789303320174,
JOR,2020,Jordan,286356.0,3729.0,100.0,11285875,75.64973596,,,,,,33.041301627033796,
JOR,2021,Jordan,765065.0,8715.0,81.48,11285875,75.64973596,8265793.0,4331942.0,3933851.0,8286904.0,6.0,77.22041932947157,38.383749598502554
JOR,2022,Jordan,695576.0,1678.0,34.26,11285875,75.64973596,9727982.0,4714575.0,4412071.0,1419734.0,6.0,14.868142700499517,41.77412030524882
JOR,2023,Jordan,0.0,0.0,,11285875,75.64973596,,,,,,0.0,
JOR,2024,Jordan,0.0,0.0,,11285875,75.64973596,,,,,,0.0,
JPN,2020,Japan,217312.0,3213.0,47.22,123951696,84.46067178,,,,,,2.592138795745078,
JPN,2021,Japan,1514477.0,15174.0,55.09,123951696,84.46067178,199596362.0,100404891.0,98660175.0,199588413.0,3.0,12.241865573182638,81.00324097219291
JPN,2022,Japan,26534616.0,37426.0,47.22,123951696,84.46067178,254345587.0,102467506.0,100633737.0,52151290.0,3.0,30.19402009634463,82.66728839273001
JPN,2023,Japan,5537167.0,18881.0,,123951696,84.46067178,,,,,,15.232546717230878,
JPN,2024,Japan,0.0,0.0,,123951696,84.46067178,,,,,,0.0,
KAZ,2020,Kazakhstan,197142.0,2669.0,92.13,19397998,70.27511981,,,,,,13.759151846494673,
KAZ,2021,Kazakhstan,872722.0,15516.0,79.17,19397998,70.27511981,17501273.0,8986163.0,8515110.0,17440504.0,3.0,79.98763583747147,46.325208405527206
KAZ,2022,Kazakhstan,422357.0,872.0,76.85,19397998,70.27511981,20918681.0,9451240.0,9150398.0,3450752.0,3.0,4.4953092582028304,48.722759946670784
KAZ,2023,Kazakhstan,10984.0,15.0,,19397998,70.27511981,,,,,,0.07732756751495695,
KAZ,2024,Kazakhstan,1165.0,0.0,,19397998,70.27511981,,,,,,0.0,
KEN,2020,Kenya,95843.0,1655.0,88.89,54027484,66.76221995,,,,,,3.0632557311016,
KEN,2021,Kenya,185515.0,3704.0,74.07,54027484,66.76221995,10002184.0,5930258.0,4155832.0,9782435.0,5.0,6.855769926284186,10.976372692091307
KEN,2022,Kenya,61112.0,329.0,60.02,54027484,66.76221995,17327143.0,11696182.0,8090985.0,7458557.0,5.0,0.6089493266056957,21.648577971907777
KEN,2023,Kenya,1624.0,1.0,,54027484,66.76221995,,,,,,0.001850909807312145,
KEN,2024,Kenya,12.0,0.0,,54027484,66.76221995,,,,,,0.0,
KGZ,2020,Kyrgyzstan,0.0,0.0,92.13,6630621,72.18500345,,,,,,0.0,
KGZ,2021,Kyrgyzstan,68891.0,860.0,58.33,6630621,72.18500345,2255224.0,1231313.0,990973.0,2239526.0,2.0,12.970127534057518,18.57010074923601
KGZ,2022,Kyrgyzstan,19564.0,164.0,47.22,6630621,72.18500345,2902889.0,1488749.0,1237551.0,649377.0,2.0,2.4733731576574804,22.452633018837904
KGZ,2023,Kyrgyzstan,488.0,0.0,,6630621,72.18500345,,,,,,0.0,
KGZ,2024,Kyrgyzstan,10.0,0.0,,6630621,72.18500345,,,,,,0.0,
KHM,2020,Cambodia,364.0,0.0,76.85,16767851,68.92399972,,,,,,0.0,
KHM,2021,Cambodia,120085.0,3008.0,83.8,16767851,68.92399972,30456720.0,14262170.0,13659518.0,30326771.0,4.0,17.93909070399063,85.05663605908713
KHM,2022,Cambodia,18046.0,48.0,41.36,16767851,68.92399972,36819740.0,14814942.0,13989488.0,6389377.0,4.0,0.28626208570197814,88.3532540932049
KHM,2023,Cambodia,519.0,0.0,,16767851,68.92399972,,,,,,0.0,
KHM,2024,Cambodia,305.0,0.0,,16767851,68.92399972,,,,,,0.0,
KIR,2020,Kiribati,0.0,0.0,40.74,131237,60.87345633,,,,,,0.0,
KIR,2021,Kiribati,0.0,0.0,56.94,131237,60.87345633,82167.0,59492.0,22675.0,100651.0,1.0,0.0,45.331728094973215
KIR,2022,Kiribati,3430.0,13.0,81.48,131237,60.87345633,133953.0,78620.0,55333.0,32365.0,1.0,9.905743045025412,59.906886015376756
KIR,2023,Kiribati,1655.0,11.0,,131237,60.87345633,,,,,,8.381782576559964,
KIR,2024,Kiribati,0.0,0.0,,131237,60.87345633,,,,,,0.0,
KOR,2020,South Korea,56855.0,808.0,82.41,51815808,83.79982334,,,,,,1.5593696811598499,
KOR,2021,South Korea,554812.0,4492.0,67.59,51815808,83.79982334,103880993.0,44286656.0,42629829.0,101738280.0,5.0,8.669169069022335,85.4693918890544
KOR,2022,South Korea,28047388.0,26582.0,46.39,51815808,83.79982334,120604515.0,44948629.0,44482876.0,18745176.0,5.0,51.30094661459298,86.74694216869106
KOR,2023,South Korea,5912818.0,4052.0,,51815808,83.79982334,,,,,,7.820007361460039,
KOR,2024,South Korea,0.0,0.0,,51815808,83.79982334,,,,,,0.0,
KWT,2020,Kuwait,149449.0,929.0,100.0,4268886,78.95211671,2500.0,,,3363.0,5.0,21.762117798413918,
KWT,2021,Kuwait,265462.0,1539.0,81.48,4268886,78.95211671,6942690.0,3334421.0,3216700.0,6939617.0,5.0,36.051560055714766,78.10986285414977
KWT,2022,Kuwait,248007.0,102.0,50.38,4268886,78.95211671,7814545.0,3410314.0,3283891.0,845976.0,5.0,2.3893821479421096,79.88768029879458
KWT,2023,Kuwait,3668.0,0.0,,4268886,78.95211671,,,,,,0.0,
KWT,2024,Kuwait,704.0,0.0,,4268886,78.95211671,,,,,,0.0,
LAO,2020,Laos,41.0,0.0,96.3,7529477,68.23189407,,,,,,0.0,
LAO,2021,Laos,106190.0,325.0,86.11,7529477,68.23189407,5830021.0,3744740.0,3099003.0,7036185.0,7.0,4.316368852710487,49.73439722307406
LAO,2022,Laos,111411.0,346.0,72.2,7529477,68.23189407,10048983.0,5593478.0,4455505.0,2946074.0,7.0,4.595272686270242,74.28773605391184
LAO,2023,Laos,1264.0,0.0,,7529477,68.23189407,,,,,,0.0,
LAO,2024,Laos,154.0,0.0,,7529477,68.23189407,,,,,,0.0,
LBN,2020,Lebanon,169472.0,1379.0,87.04,5489744,74.34207035,,,,,,25.119568417033655,
LBN,2021,Lebanon,541787.0,7648.0,92.59,5489744,74.34207035,4379487.0,2252750.0,1831322.0,4330474.0,4.0,139.31432868272182,41.03561113232238
LBN,2022,Lebanon,510867.0,1717.0,48.74,5489744,74.34207035,5276097.0,2516012.0,2201517.0,940045.0,4.0,31.276503968126743,45.83113529519773
LBN,2023,Lebanon,17778.0,203.0,,5489744,74.34207035,,,,,,3.69780448778668,
LBN,2024,Lebanon,0.0,0.0,,5489744,74.34207035,,,,,,0.0,
LBR,2020,Liberia,1821.0,89.0,87.96,5302690,63.45730846,,,,,,1.6783934191891285,
LBR,2021,Liberia,4407.0,198.0,55.56,5302690,63.45730846,880313.0,784838.0,755263.0,882032.0,1.0,3.733953898870196,14.80075207111862
LBR,2022,Liberia,1822.0,7.0,45.12,5302690,63.45730846,1132502.0,1047889.0,1015633.0,211848.0,1.0,0.13200847117217865,19.76146069259187
LBR,2023,Liberia,40.0,0.0,,5302690,63.45730846,,,,,,0.0,
LBR,2024,Liberia,0.0,0.0,,5302690,63.45730846,,,,,,0.0,
LBY,2020,Libya,97653.0,1415.0,100.0,6812344,72.17844009,,,,,,20.771117841377357,
LBY,2021,Libya,287010.0,4226.0,87.96,6812344,72.17844009,2679874.0,1854197.0,825677.0,2680477.0,5.0,62.0344480548839,27.21819391387164
LBY,2022,Libya,122458.0,796.0,50.39,6812344,72.17844009,3415834.0,2201314.0,1125758.0,737959.0,5.0,11.684671237976238,32.31360600697792
LBY,2023,Libya,148.0,0.0,,6812344,72.17844009,,,,,,0.0,
LBY,2024,Libya,0.0,0.0,,6812344,72.17844009,,,,,,0.0,
LCA,2020,Saint Lucia,305.0,5.0,,179872,71.1130421,,,,,,2.7797544920832595,
LCA,2021,Saint Lucia,12970.0,290.0,,179872,71.1130421,104994.0,55681.0,49313.0,105125.0,2.0,161.22576054082904,30.955901974737593
LCA,2022,Saint Lucia,16473.0,114.0,,179872,71.1130421,117740.0,58119.0,52713.0,12849.0,2.0,63.378402419498315,32.31131026507739
LCA,2023,Saint Lucia,482.0,1.0,,179872,71.1130421,,,,,,0.5559508984166518,
LCA,2024,Saint Lucia,52.0,0.0,,179872,71.1130421,,,,,,0.0,
LKA,2020,Sri Lanka,41054.0,191.0,100.0,21832150,77.22895472,,,,,,0.8748565761961145,
LKA,2021,Sri Lanka,542595.0,14693.0,90.74,21832150,77.22895472,33841264.0,15991500.0,13843044.0,33464417.0,5.0,67.29983075418592,73.24748135204274
LKA,2022,Sri Lanka,88202.0,1931.0,53.8,21832150,77.22895472,39102567.0,16995787.0,14387077.0,5625396.0,5.0,8.844754181333492,77.84751845329022
LKA,2023,Sri Lanka,856.0,75.0,,21832150,77.22895472,,,,,,0.34353006918695594,
LKA,2024,Sri Lanka,91.0,17.0,,21832150,77.22895472,,,,,,0.07786681568237667,
LSO,2020,Lesotho,2577.0,64.0,90.74,2305826,51.47907482,,,,,,2.775578035810161,
LSO,2021,Lesotho,25605.0,601.0,85.19,2305826,51.47907482,857925.0,782175.0,727528.0,825231.0,3.0,26.06441249252979,33.92168359624707
LSO,2022,Lesotho,6308.0,41.0,41.57,2305826,51.47907482,905438.0,782175.0,727528.0,77421.0,3.0,1.7781046791908843,33.92168359624707
LSO,2023,Lesotho,1648.0,3.0,,2305826,51.47907482,,,,,,0.1301052204286013,
LSO,2024,Lesotho,0.0,0.0,,2305826,51.47907482,,,,,,0.0,
LTU,2020,Lithuania,134219.0,1617.0,87.04,2750058,74.13314711,9755.0,9755.0,,9955.0,5.0,58.7987598807007,0.3547197913644003
LTU,2021,Lithuania,381787.0,5685.0,79.63,2750058,74.13314711,4131614.0,1917782.0,1832160.0,4079786.0,5.0,206.72291275311284,69.73605647589977
LTU,2022,Lithuania,770216.0,2167.0,27.18,2750058,74.13314711,4465769.0,1948513.0,1872520.0,379500.0,5.0,78.79833807141522,70.85352381658859
LTU,2023,Lithuania,73008.0,304.0,,2750058,74.13314711,,,,,,11.054312309049482,
LTU,2024,Lithuania,10125.0,37.0,,2750058,74.13314711,,,,,,1.3454261691935225,
LUX,2020,Luxembourg,38383.0,285.0,79.63,647601,82.78028566,1251.0,1251.0,,1019.0,4.0,44.00857935673354,0.19317450096587252
LUX,2021,Luxembourg,57505.0,350.0,67.59,647601,82.78028566,1076398.0,464421.0,37870.0,1058276.0,4.0,54.04562377142716,71.71406467871421
LUX,2022,Luxembourg,268979.0,320.0,54.53,647601,82.78028566,1280144.0,480279.0,460292.0,220337.0,4.0,49.41314173387626,74.16279468376361
LUX,2023,Luxembourg,25170.0,45.0,,647601,82.78028566,,,,,,6.948723056326349,
LUX,2024,Luxembourg,3505.0,0.0,,647601,82.78028566,,,,,,0.0,
LVA,2020,Latvia,36330.0,632.0,67.59,1850654,73.20251724,2332.0,2331.0,1.0,983.0,4.0,34.15008964398531,0.12595547303818003
LVA,2021,Latvia,235099.0,4183.0,67.59,1850654,73.20251724,2556238.0,1314692.0,1262522.0,2534498.0,4.0,226.0282040835294,71.03931907314927
LVA,2022,Latvia,699090.0,2196.0,44.14,1850654,73.20251724,2874324.0,1344075.0,1302192.0,337773.0,4.0,118.6607545224553,72.62702806683475
LVA,2023,Latvia,7182.0,454.0,,1850654,73.20251724,,,,,,24.531868193622365,
LVA,2024,Latvia,64.0,10.0,,1850654,73.20251724,,,,,,0.5403495196833119,
MAR,2020,Morocco,430562.0,7204.0,93.52,37457976,72.61868352,,,,,,19.232219060634776,
MAR,2021,Morocco,525025.0,7623.0,76.85,37457976,72.61868352,50265580.0,24630172.0,22994609.0,50461064.0,5.0,20.350805927154205,65.75414539215893
MAR,2022,Morocco,315657.0,1467.0,65.27,37457976,72.61868352,54201634.0,24878016.0,23346308.0,3839512.0,5.0,3.916388862014328,66.41580420682634
MAR,2023,Morocco,7025.0,6.0,,37457976,72.61868352,,,,,,0.01601795035588682,
MAR,2024,Morocco,846.0,5.0,,37457976,72.61868352,,,,,,0.013348291963239016,
MDA,2020,Moldova,140996.0,2960.0,87.04,3272993,69.55780877,,,,,,90.43710145423469,
MDA,2021,Moldova,233353.0,7224.0,73.15,3272993,69.55780877,1776513.0,989897.0,982152.0,1762591.0,5.0,220.71541246803764,30.244397100757624
MDA,2022,Moldova,221751.0,1745.0,49.22,3272993,69.55780877,2123778.0,1083286.0,1054472.0,355591.0,5.0,53.315115553256604,33.097718204713544
MDA,2023,Moldova,34961.0,245.0,,3272993,69.55780877,,,,,,7.485503329826859,
MDA,2024,Moldova,6459.0,71.0,,3272993,69.55780877,,,,,,2.169268311909008,
MDG,2020,Madagascar,17714.0,261.0,95.37,29611718,62.9342555,,,,,,0.8814078264557295,
MDG,2021,Madagascar,32565.0,766.0,82.41,29611718,62.9342555,742069.0,589003.0,541160.0,911286.0,3.0,2.5868137741957424,1.9890875632410117
MDG,2022,Madagascar,17456.0,389.0,44.91,29611718,62.9342555,1306962.0,1098703.0,1050879.0,386266.0,3.0,1.3136691359819108,3.710365605940189
MDG,2023,Madagascar,747.0,10.0,,29611718,62.9342555,,,,,,0.03377041480673293,
MDG,2024,Madagascar,85.0,2.0,,29611718,62.9342555,,,,,,0.006754082961346586,
MDV,2020,Maldives,13645.0,48.0,,523798,75.39664085,,,,,,9.163837968071661,
MDV,2021,Maldives,81220.0,213.0,,523798,75.39664085,790154.0,396779.0,367450.0,791953.0,3.0,40.664530983317995,75.75038469028136
MDV,2022,Maldives,90814.0,50.0,,523798,75.39664085,913264.0,398348.0,371439.0,121298.0,3.0,9.545664550074648,76.04992764386272
MDV,2023,Maldives,1016.0,5.0,,523798,75.39664085,,,,,,0.9545664550074647,
MDV,2024,Maldives,0.0,0.0,,523798,75.39664085,,,,,,0.0,
MEX,2020,Mexico,1453414.0,143890.0,82.41,127504120,70.83258685,24998.0,24998.0,,16059.0,7.0,112.8512553162988,0.019605640978503282
MEX,2021,Mexico,2548565.0,159365.0,71.76,127504120,70.83258685,148814260.0,81916007.0,72780356.0,148689265.0,7.0,124.98811803100949,64.24577260719104
MEX,2022,Mexico,3243611.0,28067.0,48.52,127504120,70.83258685,191907868.0,85580293.0,79711762.0,41470312.0,7.0,22.012622023507944,67.11962954608839
MEX,2023,Mexico,362826.0,2804.0,,127504120,70.83258685,,,,,,2.1991446237188255,
MEX,2024,Mexico,11042.0,425.0,,127504120,70.83258685,,,,,,0.33332256243955094,
MKD,2020,North Macedonia,81796.0,2896.0,,2093606,72.99535604,,,,,,138.3259314312244,
MKD,2021,North Macedonia,141513.0,5456.0,,2093606,72.99535604,1755026.0,842871.0,816777.0,1758764.0,5.0,260.60299788976533,40.25929425116283
MKD,2022,North Macedonia,122279.0,1524.0,,2093606,72.99535604,1836421.0,852584.0,835151.0,76763.0,5.0,72.79306612610014,40.723230636519006
MKD,2023,North Macedonia,4728.0,89.0,,2093606,72.99535604,,,,,,4.251038638597711,
MKD,2024,North Macedonia,608.0,13.0,,2093606,72.99535604,,,,,,0.6209382281097781,
MLI,2020,Mali,6574.0,250.0,78.7,22593598,61.67398609,,,,,,1.1065081356231972,
MLI,2021,Mali,13437.0,403.0,50.93,22593598,61.67398609,1057653.0,877525.0,392809.0,1060228.0,1.0,1.7836911146245942,3.883954206850985
MLI,2022,Mali,12757.0,90.0,40.74,22593598,61.67398609,1873615.0,1331919.0,978690.0,789204.0,1.0,0.398342928824351,5.895116837964453
MLI,2023,Mali,396.0,0.0,,22593598,61.67398609,,,,,,0.0,
MLI,2024,Mali,2.0,0.0,,22593598,61.67398609,,,,,,0.0,
MLT,2020,Malta,12616.0,227.0,87.04,533293,81.81193837,,,,,,42.56571903250183,
MLT,2021,Malta,34820.0,266.0,75.0,533293,81.81193837,1072274.0,444615.0,435874.0,1043668.0,4.0,49.87877208213872,83.3716174785718
MLT,2022,Malta,68801.0,341.0,45.77,533293,81.81193837,1255851.0,473639.0,466296.0,203225.0,4.0,63.942335639132715,88.81402906094773
MLT,2023,Malta,4785.0,57.0,,533293,81.81193837,,,,,,10.688308303315438,
MLT,2024,Malta,1774.0,31.0,,533293,81.81193837,,,,,,5.812939603557519,
MMR,2020,Myanmar,121886.0,2601.0,86.11,54179312,67.84580637,,,,,,4.800725413419794,
MMR,2021,Myanmar,407727.0,16653.0,90.74,54179312,67.84580637,31859036.0,18829259.0,13029777.0,35590499.0,2.0,30.736824417408624,34.75359561597976
MMR,2022,Myanmar,103999.0,236.0,80.56,54179312,67.84580637,49316486.0,26473700.0,21803150.0,13336889.0,2.0,0.43559061805731314,48.86311586976225
MMR,2023,Myanmar,7836.0,4.0,,54179312,67.84580637,,,,,,0.007382891831479883,
MMR,2024,Myanmar,1437.0,0.0,,54179312,67.84580637,,,,,,0.0,
MNE,2020,Montenegro,35210.0,543.0,,627082,74.70975149,,,,,,86.59154624116144,
MNE,2021,Montenegro,122800.0,1733.0,,627082,74.70975149,634517.0,283884.0,272853.0,630033.0,4.0,276.3593915947196,45.27063446247859
MNE,2022,Montenegro,85963.0,340.0,,627082,74.70975149,668206.0,289687.0,281571.0,38432.0,4.0,54.21938438673092,46.196031778938
MNE,2023,Montenegro,7307.0,38.0,,627082,74.70975149,,,,,,6.059813549105221,
MNE,2024,Montenegro,0.0,0.0,,627082,74.70975149,,,,,,0.0,
MNG,2020,Mongolia,1121.0,1.0,85.19,3398373,70.09795294,,,,,,0.029425845838582165,
MNG,2021,Mongolia,689829.0,1980.0,96.3,3398373,70.09795294,5340605.0,2265984.0,2163572.0,5334821.0,4.0,58.263174760392694,66.67849585669377
MNG,2022,Mongolia,316364.0,155.0,40.28,3398373,70.09795294,5478794.0,2272363.0,2174463.0,146692.0,4.0,4.561006104980236,66.8662033272981
MNG,2023,Mongolia,4020.0,0.0,,3398373,70.09795294,,,,,,0.0,
MNG,2024,Mongolia,155.0,0.0,,3398373,70.09795294,,,,,,0.0,
MOZ,2020,Mozambique,18162.0,159.0,80.56,32969520,57.66202708,,,,,,0.48226361803265566,
MOZ,2021,Mozambique,146700.0,1801.0,63.89,32969520,57.66202708,14718782.0,8633965.0,6084817.0,14574853.0,3.0,5.462621233187502,26.187718231869923
MOZ,2022,Mozambique,66108.0,270.0,46.3,32969520,57.66202708,26215793.0,14243939.0,13130997.0,11664184.0,3.0,0.8189382193007358,43.203355705512244
MOZ,2023,Mozambique,2761.0,20.0,,32969520,57.66202708,,,,,,0.06066209031857304,
MOZ,2024,Mozambique,112.0,2.0,,32969520,57.66202708,,,,,,0.006066209031857304,
MRT,2020,Mauritania,13516.0,337.0,77.78,4736146,68.86843813,,,,,,7.11549010524591,
MRT,2021,Mauritania,26937.0,525.0,59.26,4736146,68.86843813,1937226.0,1166230.0,767082.0,1909169.0,2.0,11.08496233013087,24.624029749082904
MRT,2022,Mauritania,22975.0,135.0,50.13,4736146,68.86843813,2650797.0,1553213.0,1057009.0,739733.0,2.0,2.850418884890795,32.794871610799156
MRT,2023,Mauritania,483.0,0.0,,4736146,68.86843813,,,,,,0.0,
MRT,2024,Mauritania,85.0,0.0,,4736146,68.86843813,,,,,,0.0,
MUS,2020,Mauritius,527.0,10.0,82.41,1299478,73.41967032,,,,,,0.7695397690457244,
MUS,2021,Mauritius,89563.0,752.0,97.22,1299478,73.41967032,2036896.0,947513.0,909900.0,2039079.0,3.0,57.86939063223848,72.91489351878215
MUS,2022,Mauritius,201116.0,277.0,42.86,1299478,73.41967032,2494317.0,1000474.0,963452.0,437749.0,3.0,21.31625160256657,76.99045308962522
MUS,2023,Mauritius,32514.0,21.0,,1299478,73.41967032,,,,,,1.6160335149960214,
MUS,2024,Mauritius,4447.0,13.0,,1299478,73.41967032,,,,,,1.0004016997594418,
MWI,2020,Malawi,6343.0,188.0,64.81,20405318,62.48652597,,,,,,0.92132844976981,
MWI,2021,Malawi,64339.0,2140.0,51.85,20405318,62.48652597,1800908.0,1492675.0,705769.0,1772554.0,2.0,10.487462140996774,7.315127360426336
MWI,2022,Malawi,17566.0,357.0,38.79,20405318,62.48652597,1993981.0,1570322.0,861888.0,216796.0,2.0,1.7495439179139478,7.695650712230997
MWI,2023,Malawi,1008.0,1.0,,20405318,62.48652597,,,,,,0.004900683243456436,
MWI,2024,Malawi,0.0,0.0,,20405318,62.48652597,,,,,,0.0,
MYS,2020,Malaysia,103900.0,451.0,80.09,33938216,72.8101035,,,,,,1.3288854075299656,
MYS,2021,Malaysia,2637279.0,30883.0,91.67,33938216,72.8101035,57774660.0,26013397.0,25635562.0,57252676.0,5.0,90.99771184201315,76.64927643810152
MYS,2022,Malaysia,2282127.0,5501.0,49.04,33938216,72.8101035,68795057.0,27494218.0,25801561.0,11439834.0,5.0,16.208866134861065,81.01256117881978
MYS,2023,Malaysia,204016.0,458.0,,33938216,72.8101035,,,,,,1.3495111233896324,
MYS,2024,Malaysia,82088.0,58.0,,33938216,72.8101035,,,,,,0.17089878855152552,
NAM,2020,Namibia,21923.0,195.0,73.15,2567024,60.35994599,,,,,,7.596345028328523,
NAM,2021,Namibia,124174.0,3416.0,87.04,2567024,60.35994599,630212.0,346454.0,283758.0,642401.0,4.0,133.07238265010378,13.496328822792464
NAM,2022,Namibia,24181.0,471.0,28.7,2567024,60.35994599,834756.0,450833.0,383923.0,189295.0,4.0,18.348094914578127,17.562477016186836
NAM,2023,Namibia,1971.0,21.0,,2567024,60.35994599,,,,,,0.8180679261276871,
NAM,2024,Namibia,284.0,5.0,,2567024,60.35994599,,,,,,0.19477807764944932,
NER,2020,Niger,3109.0,101.0,66.67,26207982,59.97070525,,,,,,0.385378775061735,
NER,2021,Niger,4159.0,173.0,27.78,26207982,59.97070525,971636.0,507223.0,464413.0,1534547.0,2.0,0.6601042384720808,1.9353760239914692
NER,2022,Niger,2218.0,40.0,27.78,26207982,59.97070525,2681673.0,2180972.0,1545630.0,1145992.0,2.0,0.1526252574501921,8.32178532479151
NER,2023,Niger,29.0,1.0,,26207982,59.97070525,,,,,,0.003815631436254802,
NER,2024,Niger,3.0,0.0,,26207982,59.97070525,,,,,,0.0,
NGA,2020,Nigeria,83576.0,1247.0,85.65,218541216,63.3974984,,,,,,0.5706017486422332,
NGA,2021,Nigeria,152438.0,1767.0,58.33,218541216,63.3974984,14838199.0,10310476.0,4482899.0,14220684.0,1.0,0.8085431354056344,4.717863380059165
NGA,2022,Nigeria,30401.0,141.0,37.9,218541216,63.3974984,31391732.0,21049754.0,9565143.0,16580340.0,1.0,0.0645187221800761,9.63193780343933
NGA,2023,Nigeria,773.0,0.0,,218541216,63.3974984,,,,,,0.0,
NGA,2024,Nigeria,0.0,0.0,,218541216,63.3974984,,,,,,0.0,
NIC,2020,Nicaragua,4790.0,164.0,24.07,6948395,75.02796138,,,,,,2.36025729682898,
NIC,2021,Nicaragua,8741.0,52.0,13.89,6948395,75.02796138,7785141.0,4879356.0,2905785.0,7750027.0,7.0,0.7483742648482131,70.2227780660138
NIC,2022,Nicaragua,1834.0,29.0,13.89,6948395,75.02796138,9611936.0,5498389.0,4113547.0,1866133.0,7.0,0.41736257078073424,79.13178511008657
NIC,2023,Nicaragua,750.0,0.0,,6948395,75.02796138,,,,,,0.0,
NIC,2024,Nicaragua,70.0,0.0,,6948395,75.02796138,,,,,,0.0,
NLD,2020,Netherlands,773198.0,11539.0,78.7,17564020,81.12478594,,,,,,65.69680517330316,
NLD,2021,Netherlands,2312304.0,9421.0,82.41,17564020,81.12478594,27983828.0,13318475.0,12226284.0,28669191.0,5.0,53.63806235702305,75.82817031636266
NLD,2022,Netherlands,5480565.0,2016.0,69.44,17564020,81.12478594,34038677.0,13455761.0,12366525.0,5338309.0,5.0,11.478010159405422,76.60980231177145
NLD,2023,Netherlands,64963.0,10.0,,17564020,81.12478594,,,,,,0.05693457420339991,
NLD,2024,Netherlands,8978.0,0.0,,17564020,81.12478594,,,,,,0.0,
NOR,2020,Norway,47244.0,421.0,79.63,5434324,82.88199872,2417.0,2417.0,,1106.0,2.0,7.747053727381732,0.04447655310945759
NOR,2021,Norway,328046.0,914.0,73.15,5434324,82.88199872,9779479.0,4289403.0,3926510.0,9721173.0,2.0,16.81901925612091,78.93167577052822
NOR,2022,Norway,1099234.0,3410.0,51.85,5434324,82.88199872,11269240.0,4331582.0,4027038.0,1545030.0,2.0,62.749295036512365,79.70783486593733
NOR,2023,Norway,29407.0,987.0,,5434324,82.88199872,,,,,,18.162332610274984,
NOR,2024,Norway,8716.0,0.0,,5434324,82.88199872,,,,,,0.0,
NPL,2020,Nepal,258181.0,2720.0,96.3,30547586,70.04936795,,,,,,8.904140575952548,
NPL,2021,Nepal,569090.0,8865.0,97.22,30547586,70.04936795,21988516.0,12251183.0,9737333.0,23798028.0,5.0,29.020296399198283,40.10524104916179
NPL,2022,Nepal,173695.0,434.0,51.88,30547586,70.04936795,39935568.0,21994736.0,19014212.0,16006574.0,5.0,1.4207341948394876,72.0015519393251
NPL,2023,Nepal,2484.0,12.0,,30547586,70.04936795,,,,,,0.03928297312920242,
NPL,2024,Nepal,0.0,0.0,,30547586,70.04936795,,,,,,0.0,
NZL,2020,New Zealand,1789.0,25.0,96.3,5185289,82.20149177,,,,,,0.4821332041473484,
NZL,2021,New Zealand,11740.0,25.0,96.3,5185289,82.20149177,8185775.0,3972589.0,3856048.0,8136523.0,2.0,0.4821332041473484,76.61268253322042
NZL,2022,New Zealand,2014452.0,2238.0,52.63,5185289,82.20149177,10950139.0,4284293.0,4051832.0,2794151.0,2.0,43.16056443527063,82.62399646384223
NZL,2023,New Zealand,412394.0,1335.0,,5185289,82.20149177,,,,,,25.745913101468403,
NZL,2024,New Zealand,198673.0,661.0,,5185289,82.20149177,,,,,,12.747601917655892,
OMN,2020,Oman,128290.0,1491.0,100.0,4576300,72.47676726,6516.0,6516.0,,4909.0,4.0,32.58090597207351,0.14238577016366932
OMN,2021,Oman,176768.0,2989.0,84.26,4576300,72.47676726,6118018.0,3121894.0,2902254.0,6139572.0,4.0,65.3147739440159,68.21873565981251
OMN,2022,Oman,94250.0,148.0,55.65,4576300,72.47676726,6986946.0,3242461.0,3021149.0,831948.0,4.0,3.2340537115136683,70.85333129384
OMN,2023,Oman,141.0,0.0,,4576300,72.47676726,,,,,,0.0,
OMN,2024,Oman,0.0,0.0,,4576300,72.47676726,,,,,,0.0,
PAK,2020,Pakistan,469482.0,9816.0,96.3,235824864,65.99092295,,,,,,4.162410966131205,
PAK,2021,Pakistan,823599.0,19089.0,78.24,235824864,65.99092295,156623021.0,96980678.0,70576467.0,153517373.0,8.0,8.094566313414687,41.12402583639357
PAK,2022,Pakistan,282570.0,1730.0,58.47,235824864,65.99092295,219368557.0,128074138.0,101881176.0,64227659.0,8.0,0.7335952497358379,54.30900534729026
PAK,2023,Pakistan,4980.0,21.0,,235824864,65.99092295,,,,,,0.008904913436099766,
PAK,2024,Pakistan,0.0,0.0,,235824864,65.99092295,,,,,,0.0,
PAN,2020,Panama,226660.0,3756.0,93.52,4408582,77.23869904,,,,,,85.19746258547532,
PAN,2021,Panama,259717.0,3653.0,89.81,4408582,77.23869904,6193744.0,3120802.0,2804103.0,6213666.0,2.0,82.86111044322188,70.78924697328982
PAN,2022,Panama,537401.0,1158.0,36.79,4408582,77.23869904,7889044.0,3434847.0,3017898.0,1641700.0,2.0,26.26694932747083,77.91273928895957
PAN,2023,Panama,19049.0,88.0,,4408582,77.23869904,,,,,,1.9961066846437243,
PAN,2024,Panama,1994.0,94.0,,4408582,77.23869904,,,,,,2.132204867687615,
PER,2020,Peru,1005546.0,92523.0,96.3,34049588,71.66727055,,,,,,271.7301601417321,
PER,2021,Peru,1267339.0,109931.0,75.0,34049588,71.66727055,50303979.0,24573907.0,21673024.0,49716243.0,3.0,322.85559519839126,72.17093786861679
PER,2022,Peru,2165893.0,15553.0,54.52,34049588,71.66727055,65552891.0,28381144.0,25480351.0,15587503.0,3.0,45.67749835915782,83.35238593782691
PER,2023,Peru,66442.0,2509.0,,34049588,71.66727055,,,,,,7.368664783844081,
PER,2024,Peru,21757.0,459.0,,34049588,71.66727055,,,,,,1.3480339321580044,
PHL,2020,Philippines,469003.0,9067.0,100.0,115559008,66.40834182,,,,,,7.8462078871428185,
PHL,2021,Philippines,2369471.0,42133.0,81.02,115559008,66.40834182,108534301.0,56110301.0,49626439.0,107013156.0,8.0,36.46016068258391,48.55554055984974
PHL,2022,Philippines,1220895.0,14062.0,65.73,115559008,66.40834182,148799120.0,70173137.0,65804988.0,37413769.0,8.0,12.168674898974556,60.72493889874859
PHL,2023,Philippines,137910.0,1533.0,,115559008,66.40834182,,,,,,1.3265949808084196,
PHL,2024,Philippines,8183.0,69.0,,115559008,66.40834182,,,,,,0.05970975451779579,
PNG,2020,Papua New Guinea,780.0,9.0,83.8,10142625,65.48786529,,,,,,0.08873442525973306,
PNG,2021,Papua New Guinea,35350.0,581.0,74.88,10142625,65.48786529,504018.0,283915.0,220103.0,507730.0,1.0,5.72830011954499,2.7992260386241234
PNG,2022,Papua New Guinea,10562.0,79.0,60.35,10142625,65.48786529,574716.0,317150.0,257566.0,64266.0,1.0,0.7788910661687679,3.1269025523471488
PNG,2023,Papua New Guinea,172.0,31.0,,10142625,65.48786529,,,,,,0.3056407981168583,
PNG,2024,Papua New Guinea,0.0,0.0,,10142625,65.48786529,,,,,,0.0,
POL,2020,Poland,1259923.0,27207.0,87.04,39857144,75.4021086,47600.0,47600.0,,36650.0,4.0,68.26128836526772,0.1194265198730747
POL,2021,Poland,2790909.0,67123.0,80.56,39857144,75.4021086,46987401.0,21673668.0,21046400.0,46555517.0,4.0,168.40895574454606,54.37837693538704
POL,2022,Poland,2314550.0,24145.0,48.15,39857144,75.4021086,53908363.0,22585418.0,22343826.0,7311900.0,4.0,60.57885130956699,56.665921672661746
POL,2023,Poland,266683.0,1763.0,,39857144,75.4021086,,,,,,4.423297364206527,
POL,2024,Poland,38734.0,488.0,,39857144,75.4021086,,,,,,1.2243727247491691,
PRI,2020,Puerto Rico,82303.0,1630.0,0.0,3252412,79.90294803,,,,,,50.1166518878912,
PRI,2021,Puerto Rico,170031.0,1671.0,,3252412,79.90294803,,,,,,51.37725478813877,
PRI,2022,Puerto Rico,878705.0,2240.0,,3252412,79.90294803,,,,,,68.87196333059896,
PRI,2023,Puerto Rico,121674.0,397.0,,3252412,79.90294803,,,,,,12.206325643860618,
PRI,2024,Puerto Rico,0.0,0.0,,3252412,79.90294803,,,,,,0.0,
PRK,2020,North Korea,0.0,0.0,,26069416,72.6431485,,,,,,0.0,
PRK,2021,North Korea,0.0,0.0,,26069416,72.6431485,,,,,,0.0,
PRK,2022,North Korea,0.0,0.0,,26069416,72.6431485,,,,,,0.0,
PRK,2023,North Korea,0.0,0.0,,26069416,72.6431485,,,,,,0.0,
PRK,2024,North Korea,0.0,0.0,,26069416,72.6431485,,,,,,0.0,
PRT,2020,Portugal,377474.0,6695.0,87.96,10270857,81.17961003,32749.0,32749.0,,25966.0,4.0,65.18443397663894,0.31885362633322617
PRT,2021,Portugal,905174.0,12193.0,87.96,10270857,81.17961003,19328231.0,9326831.0,9103550.0,19111306.0,4.0,118.71453375312304,90.80869298443159
PRT,2022,Portugal,4267920.0,6885.0,42.59,10270857,81.17961003,22923599.0,9663542.0,9415073.0,3783666.0,4.0,67.03432829412385,94.08700753987715
PRT,2023,Portugal,88931.0,2156.0,,10270857,81.17961003,,,,,,20.991432360512857,
PRT,2024,Portugal,24610.0,880.0,,10270857,81.17961003,,,,,,8.567931575719534,
PRY,2020,Paraguay,103888.0,2154.0,94.44,6780745,70.27080999,,,,,,31.76642094637094,
PRY,2021,Paraguay,361242.0,14444.0,76.85,6780745,70.27080999,6833614.0,3469821.0,2948027.0,6800717.0,7.0,213.01494157352917,51.17167803832765
PRY,2022,Paraguay,256963.0,3068.0,43.72,6780745,70.27080999,8428214.0,3868131.0,3316744.0,1605665.0,7.0,45.245765767625834,57.04581133783972
PRY,2023,Paraguay,13666.0,214.0,,6780745,70.27080999,,,,,,3.1559953957861566,
PRY,2024,Paraguay,0.0,0.0,,6780745,70.27080999,,,,,,0.0,
PSE,2020,Palestine,148540.0,1406.0,96.3,5250076,73.49178033,,,,,,26.78056470039672,
PSE,2021,Palestine,319903.0,3494.0,92.59,5250076,73.49178033,3383211.0,1910794.0,1515699.0,3316566.0,8.0,66.55141754138417,36.39554932157172
PSE,2022,Palestine,234785.0,808.0,30.56,5250076,73.49178033,3694897.0,1995873.0,1756319.0,304203.0,8.0,15.390253398236522,38.01607824343876
PSE,2023,Palestine,0.0,0.0,,5250076,73.49178033,,,,,,0.0,
PSE,2024,Palestine,0.0,0.0,,5250076,73.49178033,,,,,,0.0,
QAT,2020,Qatar,142903.0,244.0,86.11,2695131,76.7101384,0.0,,,12159.0,2.0,9.053363268798437,
QAT,2021,Qatar,104893.0,370.0,87.96,2695131,76.7101384,5205664.0,2360308.0,2218292.0,5169394.0,2.0,13.728460694489431,87.57674487807829
QAT,2022,Qatar,240191.0,71.0,52.46,2695131,76.7101384,6607185.0,2593517.0,2593517.0,1416656.0,2.0,2.6343802954290534,96.22971944591933
QAT,2023,Qatar,26537.0,5.0,,2695131,76.7101384,,,,,,0.18551973911472205,
QAT,2024,Qatar,0.0,0.0,,2695131,76.7101384,,,,,,0.0,
ROU,2020,Romania,613760.0,15108.0,87.04,19659270,72.76430945,10289.0,10289.0,,5905.0,4.0,76.8492421132626,0.052336633048938236
ROU,2021,Romania,1188636.0,43428.0,76.85,19659270,72.76430945,15824909.0,5474507.0,7817215.0,15768938.0,4.0,220.90342113415198,27.846949556112715
ROU,2022,Romania,1502652.0,8805.0,56.48,19659270,72.76430945,16736886.0,8162071.0,8083344.0,961852.0,4.0,44.78803129515999,41.517670798559664
ROU,2023,Romania,207545.0,1373.0,,19659270,72.76430945,,,,,,6.983982619903995,
ROU,2024,Romania,29026.0,111.0,,19659270,72.76430945,,,,,,0.5646191338742487,
RUS,2020,Russia,3050248.0,54778.0,87.04,144713312,70.017337,52000.0,52000.0,,441571.0,2.0,37.85277196889806,0.03593311443248566
RUS,2021,Russia,7341772.0,249440.0,66.2,144713312,70.017337,146364014.0,73824201.0,66773441.0,144476140.0,2.0,172.36838584690813,51.01410504653504
RUS,2022,Russia,11372272.0,89165.0,54.17,144713312,70.017337,163601171.0,79954746.0,72841232.0,18333809.0,2.0,61.61492593024199,55.25044302766009
RUS,2023,Russia,1982260.0,7976.0,,144713312,70.017337,,,,,,5.511586936798185,
RUS,2024,Russia,522176.0,1829.0,,144713312,70.017337,,,,,,1.2638781980195437,
RWA,2020,Rwanda,7817.0,73.0,90.74,13776702,67.54213882,,,,,,0.5298800830561625,
RWA,2021,Rwanda,96695.0,1273.0,76.85,13776702,67.54213882,12588963.0,7629877.0,5435180.0,12608746.0,7.0,9.240237612746505,55.3824638146343
RWA,2022,Rwanda,28408.0,121.0,71.64,13776702,67.54213882,19421047.0,8895871.0,8036044.0,5869730.0,7.0,0.8782943842437763,64.57184745666996
RWA,2023,Rwanda,288.0,1.0,,13776702,67.54213882,,,,,,0.007258631274741952,
RWA,2024,Rwanda,56.0,0.0,,13776702,67.54213882,,,,,,0.0,
SAU,2020,Saudi Arabia,362066.0,6176.0,94.44,36408824,76.42921259,,,,,,16.96292085676813,
SAU,2021,Saudi Arabia,190340.0,2694.0,64.24,36408824,76.42921259,50894142.0,25017090.0,23180879.0,50106413.0,2.0,7.399305179425736,68.7116123278247
SAU,2022,Saudi Arabia,274360.0,638.0,52.75,36408824,76.42921259,62388851.0,26167138.0,24460457.0,11998849.0,2.0,1.7523224589731325,71.87031912923088
SAU,2023,Saudi Arabia,14703.0,138.0,,36408824,76.42921259,,,,,,0.3790289958280443,
SAU,2024,Saudi Arabia,0.0,0.0,,36408824,76.42921259,,,,,,0.0,
SDN,2020,Sudan,24694.0,1520.0,87.04,46874200,67.58515204,,,,,,3.242722009122289,
SDN,2021,Sudan,21591.0,1778.0,64.81,46874200,67.58515204,3276654.0,2782463.0,1234386.0,3459946.0,5.0,3.793131402775941,5.936022374781863
SDN,2022,Sudan,17405.0,1696.0,14.81,46874200,67.58515204,6131070.0,5171677.0,2746556.0,2613097.0,5.0,3.618195083862765,11.033099231560218
SDN,2023,Sudan,303.0,52.0,,46874200,67.58515204,,,,,,0.11093522662786778,
SDN,2024,Sudan,0.0,0.0,,46874200,67.58515204,,,,,,0.0,
SEN,2020,Senegal,18523.0,387.0,77.78,17316452,67.79198263,,,,,,2.2348688980860514,
SEN,2021,Senegal,55830.0,1503.0,58.8,17316452,67.79198263,1903098.0,1316401.0,918359.0,1927823.0,3.0,8.679607115822572,7.602024941367897
SEN,2022,Senegal,14547.0,78.0,13.89,17316452,67.79198263,2496373.0,1457116.0,1039257.0,572891.0,3.0,0.45043869263749875,8.414633667451046
SEN,2023,Senegal,150.0,3.0,,17316452,67.79198263,,,,,,0.017324565101442257,
SEN,2024,Senegal,435.0,0.0,,17316452,67.79198263,,,,,,0.0,
SGP,2020,Singapore,58519.0,29.0,82.41,5637022,83.85708962,130.0,130.0,,6.0,4.0,0.5144560372480363,0.002306182235939473
SGP,2021,Singapore,219245.0,793.0,58.33,5637022,83.85708962,11583542.0,4757927.0,4618252.0,11447665.0,4.0,14.067711639230785,84.40497482535991
SGP,2022,Singapore,1916126.0,889.0,46.74,5637022,83.85708962,13825593.0,5005722.0,4964989.0,2351301.0,4.0,15.770738521155318,88.80082426501085
SGP,2023,Singapore,730625.0,243.0,,5637022,83.85708962,,,,,,4.310786794871476,
SGP,2024,Singapore,81640.0,70.0,,5637022,83.85708962,,,,,,1.2417904347366393,
SLB,2020,Solomon Islands,17.0,0.0,69.44,724272,64.79245685,,,,,,0.0,
SLB,2021,Solomon Islands,5.0,0.0,38.89,724272,64.79245685,235918.0,179973.0,55945.0,241736.0,1.0,0.0,24.848813705348267
SLB,2022,Solomon Islands,21589.0,153.0,86.66,724272,64.79245685,358073.0,235668.0,122405.0,110143.0,1.0,21.124660348598315,32.5386042812645
SLB,2023,Solomon Islands,4343.0,46.0,,724272,64.79245685,,,,,,6.351205072127598,
SLB,2024,Solomon Islands,0.0,0.0,,724272,64.79245685,,,,,,0.0,
SLE,2020,Sierra Leone,2549.0,76.0,88.89,8605723,61.0228635,,,,,,0.8831332358710593,
SLE,2021,Sierra Leone,4110.0,47.0,60.19,8605723,61.0228635,868726.0,703231.0,361089.0,909992.0,2.0,0.5461481853413129,8.17166669203738
SLE,2022,Sierra Leone,1101.0,3.0,47.26,8605723,61.0228635,2134324.0,1727305.0,1114047.0,1152298.0,2.0,0.034860522468594446,20.071584920871842
SLE,2023,Sierra Leone,19.0,0.0,,8605723,61.0228635,,,,,,0.0,
SLE,2024,Sierra Leone,200.0,0.0,,8605723,61.0228635,,,,,,0.0,
SLV,2020,El Salvador,44619.0,1297.0,100.0,6336393,71.66703998,,,,,,20.469058658451267,
SLV,2021,El Salvador,77122.0,2521.0,47.22,6336393,71.66703998,9620698.0,4483699.0,4156783.0,9607295.0,4.0,39.78604231145385,70.76106232678434
SLV,2022,El Salvador,80044.0,412.0,38.89,6336393,71.66703998,10418549.0,4582343.0,4281899.0,750310.0,4.0,6.502121948559694,72.3178470779827
SLV,2023,El Salvador,51.0,0.0,,6336393,71.66703998,,,,,,0.0,
SLV,2024,El Salvador,84.0,0.0,,6336393,71.66703998,,,,,,0.0,
SOM,2020,Somalia,4690.0,127.0,73.61,17597508,53.95143945,,,,,,0.7216930942722117,
SOM,2021,Somalia,18842.0,1206.0,65.74,17597508,53.95143945,1504914.0,1203131.0,810010.0,1396883.0,4.0,6.853243084191239,6.836939639408033
SOM,2022,Somalia,3768.0,28.0,41.67,17597508,53.95143945,2395219.0,1929472.0,1290895.0,843690.0,4.0,0.15911343810725928,10.964461558988921
SOM,2023,Somalia,34.0,0.0,,17597508,53.95143945,,,,,,0.0,
SOM,2024,Somalia,0.0,0.0,,17597508,53.95143945,,,,,,0.0,
SRB,2020,Serbia,323367.0,2983.0,100.0,6871547,72.80891574,,,,,,43.41089422803919,
SRB,2021,Serbia,966126.0,9585.0,61.11,6871547,72.80891574,8239799.0,3309157.0,3207534.0,8238858.0,4.0,139.4882404209707,48.15737999027002
SRB,2022,Serbia,1150237.0,4927.0,36.11,6871547,72.80891574,8494958.0,3347209.0,3269374.0,251277.0,4.0,71.70146693313747,48.711141755997595
SRB,2023,Serbia,143740.0,562.0,,6871547,72.80891574,,,,,,8.178653220301047,
SRB,2024,Serbia,0.0,0.0,,6871547,72.80891574,,,,,,0.0,
SSD,2020,South Sudan,3505.0,63.0,86.11,10913172,58.57353884,,,,,,0.5772840380413687,
SSD,2021,South Sudan,11305.0,72.0,62.96,10913172,58.57353884,268640.0,227262.0,181577.0,279468.0,2.0,0.6597531863329928,2.0824559532278974
SSD,2022,South Sudan,3558.0,3.0,53.65,10913172,58.57353884,575057.0,526243.0,482816.0,290977.0,2.0,0.027489716097208034,4.822090222714349
SSD,2023,South Sudan,451.0,9.0,,10913172,58.57353884,,,,,,0.0824691482916241,
SSD,2024,South Sudan,4.0,0.0,,10913172,58.57353884,,,,,,0.0,
STP,2020,Sao Tome and Principe,1014.0,17.0,,227393,71.17810896,,,,,,7.4760436776857695,
STP,2021,Sao Tome and Principe,2730.0,40.0,,227393,71.17810896,137612.0,86396.0,51216.0,158447.0,1.0,17.590691006319457,37.994133504549396
STP,2022,Sao Tome and Principe,2535.0,20.0,,227393,71.17810896,205085.0,113027.0,86046.0,42680.0,1.0,8.795345503159728,49.705575809281726
STP,2023,Sao Tome and Principe,457.0,3.0,,227393,71.17810896,,,,,,1.3193018254739592,
STP,2024,Sao Tome and Principe,35.0,0.0,,227393,71.17810896,,,,,,0.0,
SUR,2020,Suriname,5880.0,119.0,100.0,618046,69.78412349,,,,,,19.25423026764998,
SUR,2021,Suriname,45683.0,1067.0,89.81,618046,69.78412349,489798.0,261545.0,228253.0,490056.0,3.0,172.64087139144982,42.31804752397071
SUR,2022,Suriname,30018.0,207.0,60.87,618046,69.78412349,504529.0,267335.0,237194.0,15358.0,3.0,33.49265265044996,43.25487099665721
SUR,2023,Suriname,914.0,11.0,,618046,69.78412349,,,,,,1.7798027978499982,
SUR,2024,Suriname,6.0,2.0,,618046,69.78412349,,,,,,0.3236005086999997,
SVK,2020,Slovakia,167523.0,1773.0,87.04,5643455,74.50941328,,,,,,31.41692456128382,
SVK,2021,Slovakia,658106.0,14625.0,74.07,5643455,74.50941328,6326386.0,2752319.0,2643670.0,6364537.0,6.0,259.14975843698585,48.77010625583087
SVK,2022,Slovakia,1033058.0,4405.0,56.34,5643455,74.50941328,7052526.0,2819708.0,2763187.0,671880.0,6.0,78.05502125914,49.96421518378369
SVK,2023,Slovakia,16842.0,404.0,,5643455,74.50941328,,,,,,7.158735207421695,
SVK,2024,Slovakia,2473.0,20.0,,5643455,74.50941328,,,,,,0.354392832050579,
SVN,2020,Slovenia,115411.0,2881.0,89.81,2119843,80.41495666,11491.0,11491.0,,5660.0,5.0,135.90629117345011,0.542068445634889
SVN,2021,Slovenia,341431.0,3208.0,85.19,2119843,80.41495666,2762261.0,1250546.0,1189251.0,2740998.0,5.0,151.331961848118,58.992387643801926
SVN,2022,Slovenia,843961.0,2712.0,54.02,2119843,80.41495666,2977006.0,1264649.0,1220153.0,227388.0,5.0,127.93400265963092,59.65767276161489
SVN,2023,Slovenia,53612.0,1059.0,,2119843,80.41495666,,,,,,49.95652979961252,
SVN,2024,Slovenia,2167.0,223.0,,2119843,80.41495666,,,,,,10.519646973856084,
SWE,2020,Sweden,418129.0,9323.0,69.44,10549349,82.6649092,,,,,,88.37512153593553,
SWE,2021,Sweden,868479.0,5979.0,71.13,10549349,82.6649092,17600478.0,7675420.0,7335967.0,17667467.0,3.0,56.67648307018755,72.75728578133115
SWE,2022,Sweden,1385273.0,6701.0,42.52,10549349,82.6649092,21053545.0,7817094.0,7614496.0,3343238.0,3.0,63.52050728438314,74.10025016709561
SWE,2023,Sweden,74736.0,4683.0,,10549349,82.6649092,,,,,,44.39136481312733,
SWE,2024,Sweden,8564.0,713.0,,10549349,82.6649092,,,,,,6.758710892966002,
SWZ,2020,Eswatini,8365.0,163.0,89.81,1201680,54.59266973,,,,,,13.564343252779441,
SWZ,2021,Eswatini,56016.0,1109.0,75.0,1201680,54.59266973,399616.0,334088.0,301243.0,409862.0,3.0,92.2874642167632,27.801744224752014
SWZ,2022,Eswatini,9640.0,150.0,58.8,1201680,54.59266973,509424.0,387509.0,318360.0,108220.0,3.0,12.482524465747954,32.247270487983485
SWZ,2023,Eswatini,1170.0,5.0,,1201680,54.59266973,,,,,,0.4160841488582651,
SWZ,2024,Eswatini,165.0,0.0,,1201680,54.59266973,,,,,,0.0,
SYC,2020,Seychelles,211.0,0.0,93.52,107135,74.01196664,,,,,,0.0,
SYC,2021,Seychelles,24170.0,126.0,84.26,107135,74.01196664,183472.0,82348.0,78263.0,185309.0,3.0,117.60862463247304,76.86377000980072
SYC,2022,Seychelles,25974.0,46.0,75.0,107135,74.01196664,199466.0,84327.0,80089.0,15464.0,3.0,42.936482008680635,78.71097213795679
SYC,2023,Seychelles,865.0,0.0,,107135,74.01196664,,,,,,0.0,
SYC,2024,Seychelles,666.0,0.0,,107135,74.01196664,,,,,,0.0,
SYR,2020,Syria,10932.0,669.0,87.04,22125242,72.43803165,,,,,,3.0236957408194676,
SYR,2021,Syria,39119.0,2202.0,60.65,22125242,72.43803165,1753522.0,1194896.0,781603.0,2384837.0,6.0,9.952433514625513,5.400600816027232
SYR,2022,Syria,7372.0,292.0,37.96,22125242,72.43803165,3369196.0,2308843.0,1318742.0,980470.0,6.0,1.3197595759630563,10.43533444741531
SYR,2023,Syria,0.0,0.0,,22125242,72.43803165,,,,,,0.0,
SYR,2024,Syria,0.0,0.0,,22125242,72.43803165,,,,,,0.0,
TCD,2020,Chad,1986.0,104.0,88.89,17723312,59.08581443,,,,,,0.5867977723351031,
TCD,2021,Chad,3715.0,77.0,77.31,17723312,59.08581443,285922.0,205259.0,80663.0,322146.0,1.0,0.43445604297887436,1.1581300379974127
TCD,2022,Chad,1948.0,13.0,37.96,17723312,59.08581443,419469.0,282003.0,153238.0,92245.0,1.0,0.07334972154188789,1.5911416556905391
TCD,2023,Chad,49.0,0.0,,17723312,59.08581443,,,,,,0.0,
TCD,2024,Chad,4.0,0.0,,17723312,59.08581443,,,,,,0.0,
TGO,2020,Togo,3555.0,68.0,73.15,8848700,63.86461122,,,,,,0.7684744651756755,
TGO,2021,Togo,24437.0,178.0,69.44,8848700,63.86461122,2413619.0,1391738.0,1020872.0,2406514.0,1.0,2.011594923548092,15.728163459039182
TGO,2022,Togo,11349.0,44.0,43.52,8848700,63.86461122,2757575.0,1558542.0,1557538.0,349603.0,1.0,0.49724818334896653,17.613231322115112
TGO,2023,Togo,186.0,0.0,,8848700,63.86461122,,,,,,0.0,
TGO,2024,Togo,3.0,0.0,,8848700,63.86461122,,,,,,0.0,
THA,2020,Thailand,6142.0,120.0,76.85,71697024,75.29014364,,,,,,0.16737096368183985,
THA,2021,Thailand,2203829.0,21520.0,75.93,71697024,75.29014364,105160269.0,51410504.0,46319204.0,104298221.0,5.0,30.015192820276614,71.70521331540903
THA,2022,Thailand,2511838.0,12014.0,45.83,71697024,75.29014364,128882372.0,55362342.0,50159803.0,24134874.0,5.0,16.756622980613532,77.21707110186331
THA,2023,Thailand,40567.0,923.0,,71697024,75.29014364,,,,,,1.2873616623194848,
THA,2024,Thailand,36805.0,198.0,,71697024,75.29014364,,,,,,0.2761620900750358,
TJK,2020,Tajikistan,13555.0,90.0,69.44,9952789,71.814877,,,,,,0.9042691450607463,
TJK,2021,Tajikistan,3938.0,35.0,48.15,9952789,71.814877,6605225.0,3709690.0,2895535.0,6619314.0,5.0,0.35166022307917916,37.27286894156
TJK,2022,Tajikistan,293.0,0.0,35.19,9952789,71.814877,10439469.0,5085230.0,4614268.0,3616323.0,5.0,0.0,51.09351760596954
TJK,2023,Tajikistan,0.0,0.0,,9952789,71.814877,,,,,,0.0,
TJK,2024,Tajikistan,0.0,0.0,,9952789,71.814877,,,,,,0.0,
TKM,2020,Turkmenistan,0.0,0.0,73.15,6430777,69.12049331,,,,,,0.0,
TKM,2021,Turkmenistan,0.0,0.0,75.0,6430777,69.12049331,7580976.0,4374694.0,3206282.0,7653267.0,6.0,0.0,68.02745609123127
TKM,2022,Turkmenistan,0.0,0.0,72.22,6430777,69.12049331,,,,,,0.0,
TKM,2023,Turkmenistan,0.0,0.0,,6430777,69.12049331,,,,,,0.0,
TKM,2024,Turkmenistan,0.0,0.0,,6430777,69.12049331,,,,,,0.0,
TLS,2020,East Timor,41.0,0.0,,1341298,67.99671222,,,,,,0.0,
TLS,2021,East Timor,19792.0,122.0,,1341298,67.99671222,1195990.0,662963.0,533027.0,1204809.0,3.0,9.095667032978504,49.42697297692236
TLS,2022,East Timor,3555.0,16.0,,1341298,67.99671222,1297126.0,700055.0,578949.0,89189.0,3.0,1.1928743649807871,52.19235397353906
TLS,2023,East Timor,72.0,0.0,,1341298,67.99671222,,,,,,0.0,
TLS,2024,East Timor,0.0,0.0,,1341298,67.99671222,,,,,,0.0,
TON,2020,Tonga,0.0,0.0,93.52,106867,72.72088222,,,,,,0.0,
TON,2021,Tonga,1.0,0.0,82.87,106867,72.72088222,130236.0,73609.0,56627.0,132676.0,1.0,0.0,68.8790739891641
TON,2022,Tonga,16411.0,12.0,96.3,106867,72.72088222,147193.0,76910.0,70283.0,12526.0,1.0,11.228910702087642,71.9679601747967
TON,2023,Tonga,537.0,0.0,,106867,72.72088222,,,,,,0.0,
TON,2024,Tonga,27.0,0.0,,106867,72.72088222,,,,,,0.0,
TTO,2020,Trinidad and Tobago,7097.0,125.0,90.74,1531043,71.70712647,,,,,,8.164368995514822,
TTO,2021,Trinidad and Tobago,81847.0,2593.0,92.59,1531043,71.70712647,1408384.0,712256.0,668717.0,1396255.0,4.0,169.36167044295948,46.52096642615524
TTO,2022,Trinidad and Tobago,96938.0,1559.0,51.22,1531043,71.70712647,1543684.0,746106.0,708762.0,146398.0,4.0,101.82601011206086,48.73187755014066
TTO,2023,Trinidad and Tobago,5614.0,113.0,,1531043,71.70712647,,,,,,7.380589571945399,
TTO,2024,Trinidad and Tobago,0.0,0.0,,1531043,71.70712647,,,,,,0.0,
TUN,2020,Tunisia,130230.0,4426.0,90.74,12356116,74.06842662,,,,,,35.820317646742716,
TUN,2021,Tunisia,592565.0,21097.0,85.19,12356116,74.06842662,12156566.0,6889208.0,5921997.0,11980004.0,7.0,170.7413559406532,55.75544936612767
TUN,2022,Tunisia,424682.0,3756.0,53.29,12356116,74.06842662,13037269.0,7171789.0,6345597.0,1054728.0,7.0,30.397901735464448,58.04242206855294
TUN,2023,Tunisia,5884.0,144.0,,12356116,74.06842662,,,,,,1.1654147630210012,
TUN,2024,Tunisia,0.0,0.0,,12356116,74.06842662,,,,,,0.0,
TUR,2020,Turkey,2133373.0,19624.0,80.09,85341248,75.27238945,,,,,,22.994742237657455,
TUR,2021,Turkey,7153613.0,61679.0,80.56,85341248,75.27238945,131646005.0,56914268.0,51604894.0,130686325.0,3.0,72.27337476949012,66.6902222943822
TUR,2022,Turkey,7717691.0,20116.0,36.66,85341248,75.27238945,146881913.0,57776278.0,52968985.0,16798003.0,3.0,23.57125126644504,67.70029657874232
TUR,2023,Turkey,13.0,0.0,,85341248,75.27238945,,,,,,0.0,
TUR,2024,Turkey,28.0,0.0,,85341248,75.27238945,,,,,,0.0,
TZA,2020,Tanzania,509.0,21.0,52.78,65497752,66.8101483,,,,,,0.03206216909551338,
TZA,2021,Tanzania,28797.0,716.0,38.89,65497752,66.8101483,2431769.0,2079930.0,1646261.0,2368216.0,3.0,1.0931672891613136,3.175574636515769
TZA,2022,Tanzania,13045.0,108.0,13.89,65497752,66.8101483,5031070.0,3941772.0,3067877.0,2599426.0,3.0,0.16489115534835455,6.018179066664761
TZA,2023,Tanzania,872.0,1.0,,65497752,66.8101483,,,,,,0.001526769956929209,
TZA,2024,Tanzania,7.0,0.0,,65497752,66.8101483,,,,,,0.0,
UGA,2020,Uganda,33815.0,298.0,93.52,47249588,65.98577935,,,,,,0.6306933300667087,
UGA,2021,Uganda,101276.0,2982.0,81.48,47249588,65.98577935,9763030.0,8354808.0,1408222.0,10856911.0,5.0,6.311166141808474,17.6822875153959
UGA,2022,Uganda,34799.0,350.0,73.15,47249588,65.98577935,17197954.0,14131307.0,8014082.0,6257220.0,5.0,0.7407471997427787,29.90778882558722
UGA,2023,Uganda,1998.0,2.0,,47249588,65.98577935,,,,,,0.0042328411413873075,
UGA,2024,Uganda,266.0,0.0,,47249588,65.98577935,,,,,,0.0,
UKR,2020,Ukraine,988108.0,15278.0,88.89,39701744,70.90674708,,,,,,38.48193671290611,
UKR,2021,Ukraine,2617976.0,77255.0,76.39,39701744,70.90674708,28457565.0,14713309.0,13755421.0,28202956.0,5.0,194.58842916321257,37.05960372924675
UKR,2022,Ukraine,1709592.0,15716.0,48.0,39701744,70.90674708,31683310.0,15729617.0,15221792.0,3323912.0,5.0,39.58516280796128,39.61946104936851
UKR,2023,Ukraine,211326.0,1669.0,,39701744,70.90674708,,,,,,4.203845553988762,
UKR,2024,Ukraine,5775.0,2.0,,39701744,70.90674708,,,,,,0.0050375620778774855,
URY,2020,Uruguay,15848.0,143.0,72.22,3422796,74.98295244,,,,,,4.177870956960333,
URY,2021,Uruguay,390891.0,6019.0,75.93,3422796,74.98295244,6972283.0,2757825.0,2678145.0,6981825.0,3.0,175.85038664296675,80.57228651663728
URY,2022,Uruguay,605249.0,1400.0,25.93,3422796,74.98295244,8027751.0,2972777.0,2842482.0,1043241.0,3.0,40.9022331450662,86.85229853020748
URY,2023,Uruguay,25905.0,63.0,,3422796,74.98295244,,,,,,1.8406004915279788,
URY,2024,Uruguay,3453.0,57.0,,3422796,74.98295244,,,,,,1.6653052066205523,
USA,2020,United States,18890446.0,342920.0,75.46,338289856,76.37368104,5650180.0,5511676.0,41096.0,4136753.0,3.0,101.36869135088696,1.6292761672404388
USA,2021,United States,32988414.0,469667.0,71.76,338289856,76.37368104,516802041.0,243855622.0,208533981.0,509077157.0,3.0,138.83567351188915,72.08481651900316
USA,2022,United States,47140633.0,267389.0,47.65,338289856,76.37368104,560181791.0,255362450.0,217498967.0,46897696.0,3.0,79.04138869597082,75.48628652938383
USA,2023,United States,4417336.0,84500.0,,338289856,76.37368104,,,,,,24.978579316312697,
USA,2024,United States,0.0,28689.0,,338289856,76.37368104,,,,,,8.480597183499347,
UZB,2020,Uzbekistan,9.0,0.0,93.52,34627648,72.18877681,,,,,,0.0,
UZB,2021,Uzbekistan,116776.0,860.0,71.3,34627648,72.18877681,39036802.0,18056727.0,11102403.0,38730276.0,7.0,2.4835645782237363,52.145404157972266
UZB,2022,Uzbekistan,50507.0,156.0,51.85,34627648,72.18877681,44177104.0,18633103.0,13852504.0,5201829.0,7.0,0.4505070630266312,53.80990068976097
UZB,2023,Uzbekistan,7789.0,0.0,,34627648,72.18877681,,,,,,0.0,
UZB,2024,Uzbekistan,0.0,0.0,,34627648,72.18877681,,,,,,0.0,
VCT,2020,Saint Vincent and the Grenadines,108.0,0.0,,103959,72.55709418,,,,,,0.0,
VCT,2021,Saint Vincent and the Grenadines,5735.0,81.0,,103959,72.55709418,61198.0,33494.0,26244.0,52871.0,1.0,77.91533200588694,32.21847074327379
VCT,2022,Saint Vincent and the Grenadines,3678.0,37.0,,103959,72.55709418,69602.0,36033.0,30123.0,8273.0,1.0,35.59095412614588,34.660779730470665
VCT,2023,Saint Vincent and the Grenadines,153.0,6.0,,103959,72.55709418,,,,,,5.771506074510143,
VCT,2024,Saint Vincent and the Grenadines,0.0,0.0,,103959,72.55709418,,,,,,0.0,
VEN,2020,Venezuela,111603.0,1010.0,88.89,28301700,71.22082891,,,,,,3.5686902200221184,
VEN,2021,Venezuela,331396.0,4302.0,97.22,28301700,71.22082891,30049714.0,18393519.0,11608305.0,31438736.0,6.0,15.200500323302133,64.99086273969408
VEN,2022,Venezuela,106845.0,518.0,34.26,28301700,71.22082891,37860994.0,22157232.0,14287370.0,6422410.0,6.0,1.8302787465063937,78.28940311006053
VEN,2023,Venezuela,2851.0,26.0,,28301700,71.22082891,,,,,,0.09186727299066841,
VEN,2024,Venezuela,0.0,0.0,,28301700,71.22082891,,,,,,0.0,
VNM,2020,Vietnam,1440.0,35.0,96.3,98186856,73.7965773,,,,,,0.03564631909590832,
VNM,2021,Vietnam,1650233.0,31179.0,79.17,98186856,73.7965773,150935915.0,77555511.0,68435813.0,148533194.0,6.0,31.75475951689501,78.98767122149222
VNM,2022,Vietnam,9872529.0,11970.0,69.44,98186856,73.7965773,203144374.0,79947189.0,77754108.0,53282859.0,6.0,12.191041130800643,81.4235145689969
VNM,2023,Vietnam,99798.0,22.0,,98186856,73.7965773,,,,,,0.022406257717428085,
VNM,2024,Vietnam,0.0,0.0,,98186856,73.7965773,,,,,,0.0,
VUT,2020,Vanuatu,1.0,0.0,83.33,326744,66.3483713,,,,,,0.0,
VUT,2021,Vanuatu,6.0,0.0,22.22,326744,66.3483713,152711.0,102308.0,50403.0,158994.0,1.0,0.0,31.311363024263645
VUT,2022,Vanuatu,12006.0,14.0,85.19,326744,66.3483713,199464.0,114284.0,85180.0,36452.0,1.0,4.2846999485836,34.97661778028059
VUT,2023,Vanuatu,6.0,0.0,,326744,66.3483713,,,,,,0.0,
VUT,2024,Vanuatu,0.0,0.0,,326744,66.3483713,,,,,,0.0,
WSM,2020,Samoa,1.0,0.0,,222390,70.27372108,,,,,,0.0,
WSM,2021,Samoa,1.0,0.0,,222390,70.27372108,263189.0,141424.0,121765.0,258173.0,1.0,0.0,63.59278744547866
WSM,2022,Samoa,16268.0,29.0,,222390,70.27372108,304893.0,173862.0,131031.0,38185.0,1.0,13.040154683214173,78.17887494941318
WSM,2023,Samoa,712.0,2.0,,222390,70.27372108,,,,,,0.8993210126354603,
WSM,2024,Samoa,95.0,0.0,,222390,70.27372108,,,,,,0.0,
YEM,2020,Yemen,2096.0,607.0,66.67,33696612,65.76206783,,,,,,1.8013680425794736,
YEM,2021,Yemen,8015.0,1376.0,37.96,33696612,65.76206783,547019.0,331778.0,215241.0,651092.0,3.0,4.083496584166978,0.9846034372832497
YEM,2022,Yemen,1834.0,176.0,35.19,33696612,65.76206783,807502.0,643501.0,404781.0,143860.0,3.0,0.5223077026260088,1.9096905053837459
YEM,2023,Yemen,0.0,0.0,,33696612,65.76206783,,,,,,0.0,
YEM,2024,Yemen,0.0,0.0,,33696612,65.76206783,,,,,,0.0,
ZAF,2020,South Africa,994911.0,26521.0,87.96,59893884,61.49918805,,,,,,44.27998023971863,
ZAF,2021,South Africa,2413026.0,64252.0,72.22,59893884,61.49918805,27903338.0,18905708.0,15833594.0,27864246.0,2.0,107.27639570010186,31.56533979329175
ZAF,2022,South Africa,640295.0,11795.0,44.44,59893884,61.49918805,33485691.0,20894155.0,17833534.0,5466932.0,2.0,19.69316266081525,34.885289790189596
ZAF,2023,South Africa,24404.0,27.0,,59893884,61.49918805,,,,,,0.0450797280069531,
ZAF,2024,South Africa,129.0,0.0,,59893884,61.49918805,,,,,,0.0,
ZMB,2020,Zambia,19671.0,382.0,70.83,20017670,60.96884286,,,,,,1.9083140045769564,
ZMB,2021,Zambia,211910.0,3315.0,60.19,20017670,60.96884286,1730165.0,806611.0,1217415.0,1657359.0,3.0,16.560368914064423,4.029494941219433
ZMB,2022,Zambia,102485.0,325.0,37.96,20017670,60.96884286,3402612.0,2829929.0,2182849.0,1710423.0,3.0,1.6235655798102375,14.13715482371325
ZMB,2023,Zambia,15238.0,47.0,,20017670,60.96884286,,,,,,0.23479256077255745,
ZMB,2024,Zambia,538.0,8.0,,20017670,60.96884286,,,,,,0.03996469119532893,
ZWE,2020,Zimbabwe,12963.0,341.0,87.96,16320539,58.48102238,,,,,,2.089391778053409,
ZWE,2021,Zimbabwe,190783.0,4544.0,87.96,16320539,58.48102238,7264791.0,4124378.0,3135168.0,7234100.0,4.0,27.842217711069466,25.271089392329504
ZWE,2022,Zimbabwe,56198.0,750.0,54.63,16320539,58.48102238,9039729.0,5053114.0,3510256.0,1520203.0,4.0,4.5954364619943,30.961685762951824
ZWE,2023,Zimbabwe,6128.0,96.0,,16320539,58.48102238,,,,,,0.5882158671352704,
ZWE,2024,Zimbabwe,315.0,9.0,,16320539,58.48102238,,,,,,0.0551452375439316,
